file_name,relative_path,period,granularity,columns,column_count,sample_rows_read,file_size_kb
dailyActivity_merged.csv,data/raw/mturkfitbit_export_3.12.16-4.11.16/Fitabase Data 3.12.16-4.11.16/dailyActivity_merged.csv,3.12.16-4.11.16,diario,"Id, ActivityDate, TotalSteps, TotalDistance, TrackerDistance, LoggedActivitiesDistance, VeryActiveDistance, ModeratelyActiveDistance, LightActiveDistance, SedentaryActiveDistance, VeryActiveMinutes, FairlyActiveMinutes, LightlyActiveMinutes, SedentaryMinutes, Calories",15,5,50.1
heartrate_seconds_merged.csv,data/raw/mturkfitbit_export_3.12.16-4.11.16/Fitabase Data 3.12.16-4.11.16/heartrate_seconds_merged.csv,3.12.16-4.11.16,segundos,"Id, Time, Value",3,5,40107.0
hourlyCalories_merged.csv,data/raw/mturkfitbit_export_3.12.16-4.11.16/Fitabase Data 3.12.16-4.11.16/hourlyCalories_merged.csv,3.12.16-4.11.16,horario,"Id, ActivityHour, Calories",3,5,852.2
hourlyIntensities_merged.csv,data/raw/mturkfitbit_export_3.12.16-4.11.16/Fitabase Data 3.12.16-4.11.16/hourlyIntensities_merged.csv,3.12.16-4.11.16,horario,"Id, ActivityHour, TotalIntensity, AverageIntensity",4,5,948.9
hourlySteps_merged.csv,data/raw/mturkfitbit_export_3.12.16-4.11.16/Fitabase Data 3.12.16-4.11.16/hourlySteps_merged.csv,3.12.16-4.11.16,horario,"Id, ActivityHour, StepTotal",3,5,845.0
minuteCaloriesNarrow_merged.csv,data/raw/mturkfitbit_export_3.12.16-4.11.16/Fitabase Data 3.12.16-4.11.16/minuteCaloriesNarrow_merged.csv,3.12.16-4.11.16,minuto,"Id, ActivityMinute, Calories",3,5,70763.6
minuteIntensitiesNarrow_merged.csv,data/raw/mturkfitbit_export_3.12.16-4.11.16/Fitabase Data 3.12.16-4.11.16/minuteIntensitiesNarrow_merged.csv,3.12.16-4.11.16,minuto,"Id, ActivityMinute, Intensity",3,5,49339.4
minuteMETsNarrow_merged.csv,data/raw/mturkfitbit_export_3.12.16-4.11.16/Fitabase Data 3.12.16-4.11.16/minuteMETsNarrow_merged.csv,3.12.16-4.11.16,minuto,"Id, ActivityMinute, METs",3,5,50752.8
minuteSleep_merged.csv,data/raw/mturkfitbit_export_3.12.16-4.11.16/Fitabase Data 3.12.16-4.11.16/minuteSleep_merged.csv,3.12.16-4.11.16,minuto,"Id, date, value, logId",4,5,9098.0
minuteStepsNarrow_merged.csv,data/raw/mturkfitbit_export_3.12.16-4.11.16/Fitabase Data 3.12.16-4.11.16/minuteStepsNarrow_merged.csv,3.12.16-4.11.16,minuto,"Id, ActivityMinute, Steps",3,5,49504.0
weightLogInfo_merged.csv,data/raw/mturkfitbit_export_3.12.16-4.11.16/Fitabase Data 3.12.16-4.11.16/weightLogInfo_merged.csv,3.12.16-4.11.16,peso,"Id, Date, WeightKg, WeightPounds, Fat, BMI, IsManualReport, LogId",8,5,3.3
dailyActivity_merged.csv,data/raw/mturkfitbit_export_4.12.16-5.12.16/Fitabase Data 4.12.16-5.12.16/dailyActivity_merged.csv,4.12.16-5.12.16,diario,"Id, ActivityDate, TotalSteps, TotalDistance, TrackerDistance, LoggedActivitiesDistance, VeryActiveDistance, ModeratelyActiveDistance, LightActiveDistance, SedentaryActiveDistance, VeryActiveMinutes, FairlyActiveMinutes, LightlyActiveMinutes, SedentaryMinutes, Calories",15,5,108.7
dailyCalories_merged.csv,data/raw/mturkfitbit_export_4.12.16-5.12.16/Fitabase Data 4.12.16-5.12.16/dailyCalories_merged.csv,4.12.16-5.12.16,diario,"Id, ActivityDay, Calories",3,5,24.5
dailyIntensities_merged.csv,data/raw/mturkfitbit_export_4.12.16-5.12.16/Fitabase Data 4.12.16-5.12.16/dailyIntensities_merged.csv,4.12.16-5.12.16,diario,"Id, ActivityDay, SedentaryMinutes, LightlyActiveMinutes, FairlyActiveMinutes, VeryActiveMinutes, SedentaryActiveDistance, LightActiveDistance, ModeratelyActiveDistance, VeryActiveDistance",10,5,68.9
dailySteps_merged.csv,data/raw/mturkfitbit_export_4.12.16-5.12.16/Fitabase Data 4.12.16-5.12.16/dailySteps_merged.csv,4.12.16-5.12.16,diario,"Id, ActivityDay, StepTotal",3,5,24.6
heartrate_seconds_merged.csv,data/raw/mturkfitbit_export_4.12.16-5.12.16/Fitabase Data 4.12.16-5.12.16/heartrate_seconds_merged.csv,4.12.16-5.12.16,segundos,"Id, Time, Value",3,5,87488.6
hourlyCalories_merged.csv,data/raw/mturkfitbit_export_4.12.16-5.12.16/Fitabase Data 4.12.16-5.12.16/hourlyCalories_merged.csv,4.12.16-5.12.16,horario,"Id, ActivityHour, Calories",3,5,782.7
hourlyIntensities_merged.csv,data/raw/mturkfitbit_export_4.12.16-5.12.16/Fitabase Data 4.12.16-5.12.16/hourlyIntensities_merged.csv,4.12.16-5.12.16,horario,"Id, ActivityHour, TotalIntensity, AverageIntensity",4,5,877.7
hourlySteps_merged.csv,data/raw/mturkfitbit_export_4.12.16-5.12.16/Fitabase Data 4.12.16-5.12.16/hourlySteps_merged.csv,4.12.16-5.12.16,horario,"Id, ActivityHour, StepTotal",3,5,777.9
minuteCaloriesNarrow_merged.csv,data/raw/mturkfitbit_export_4.12.16-5.12.16/Fitabase Data 4.12.16-5.12.16/minuteCaloriesNarrow_merged.csv,4.12.16-5.12.16,minuto,"Id, ActivityMinute, Calories",3,5,64886.6
minuteCaloriesWide_merged.csv,data/raw/mturkfitbit_export_4.12.16-5.12.16/Fitabase Data 4.12.16-5.12.16/minuteCaloriesWide_merged.csv,4.12.16-5.12.16,minuto,"Id, ActivityHour, Calories00, Calories01, Calories02, Calories03, Calories04, Calories05, Calories06, Calories07, Calories08, Calories09, Calories10, Calories11, Calories12, Calories13, Calories14, Calories15, Calories16, Calories17, Calories18, Calories19, Calories20, Calories21, Calories22, Calories23, Calories24, Calories25, Calories26, Calories27, Calories28, Calories29, Calories30, Calories31, Calories32, Calories33, Calories34, Calories35, Calories36, Calories37, Calories38, Calories39, Calories40, Calories41, Calories42, Calories43, Calories44, Calories45, Calories46, Calories47, Calories48, Calories49, Calories50, Calories51, Calories52, Calories53, Calories54, Calories55, Calories56, Calories57, Calories58, Calories59",62,5,22454.2
minuteIntensitiesNarrow_merged.csv,data/raw/mturkfitbit_export_4.12.16-5.12.16/Fitabase Data 4.12.16-5.12.16/minuteIntensitiesNarrow_merged.csv,4.12.16-5.12.16,minuto,"Id, ActivityMinute, Intensity",3,5,45272.3
minuteIntensitiesWide_merged.csv,data/raw/mturkfitbit_export_4.12.16-5.12.16/Fitabase Data 4.12.16-5.12.16/minuteIntensitiesWide_merged.csv,4.12.16-5.12.16,minuto,"Id, ActivityHour, Intensity00, Intensity01, Intensity02, Intensity03, Intensity04, Intensity05, Intensity06, Intensity07, Intensity08, Intensity09, Intensity10, Intensity11, Intensity12, Intensity13, Intensity14, Intensity15, Intensity16, Intensity17, Intensity18, Intensity19, Intensity20, Intensity21, Intensity22, Intensity23, Intensity24, Intensity25, Intensity26, Intensity27, Intensity28, Intensity29, Intensity30, Intensity31, Intensity32, Intensity33, Intensity34, Intensity35, Intensity36, Intensity37, Intensity38, Intensity39, Intensity40, Intensity41, Intensity42, Intensity43, Intensity44, Intensity45, Intensity46, Intensity47, Intensity48, Intensity49, Intensity50, Intensity51, Intensity52, Intensity53, Intensity54, Intensity55, Intensity56, Intensity57, Intensity58, Intensity59",62,5,3234.1
minuteMETsNarrow_merged.csv,data/raw/mturkfitbit_export_4.12.16-5.12.16/Fitabase Data 4.12.16-5.12.16/minuteMETsNarrow_merged.csv,4.12.16-5.12.16,minuto,"Id, ActivityMinute, METs",3,5,46569.0
minuteSleep_merged.csv,data/raw/mturkfitbit_export_4.12.16-5.12.16/Fitabase Data 4.12.16-5.12.16/minuteSleep_merged.csv,4.12.16-5.12.16,minuto,"Id, date, value, logId",4,5,8641.0
minuteStepsNarrow_merged.csv,data/raw/mturkfitbit_export_4.12.16-5.12.16/Fitabase Data 4.12.16-5.12.16/minuteStepsNarrow_merged.csv,4.12.16-5.12.16,minuto,"Id, ActivityMinute, Steps",3,5,45441.4
minuteStepsWide_merged.csv,data/raw/mturkfitbit_export_4.12.16-5.12.16/Fitabase Data 4.12.16-5.12.16/minuteStepsWide_merged.csv,4.12.16-5.12.16,minuto,"Id, ActivityHour, Steps00, Steps01, Steps02, Steps03, Steps04, Steps05, Steps06, Steps07, Steps08, Steps09, Steps10, Steps11, Steps12, Steps13, Steps14, Steps15, Steps16, Steps17, Steps18, Steps19, Steps20, Steps21, Steps22, Steps23, Steps24, Steps25, Steps26, Steps27, Steps28, Steps29, Steps30, Steps31, Steps32, Steps33, Steps34, Steps35, Steps36, Steps37, Steps38, Steps39, Steps40, Steps41, Steps42, Steps43, Steps44, Steps45, Steps46, Steps47, Steps48, Steps49, Steps50, Steps51, Steps52, Steps53, Steps54, Steps55, Steps56, Steps57, Steps58, Steps59",62,5,3399.6
sleepDay_merged.csv,data/raw/mturkfitbit_export_4.12.16-5.12.16/Fitabase Data 4.12.16-5.12.16/sleepDay_merged.csv,4.12.16-5.12.16,sueño,"Id, SleepDay, TotalSleepRecords, TotalMinutesAsleep, TotalTimeInBed",5,5,17.7
weightLogInfo_merged.csv,data/raw/mturkfitbit_export_4.12.16-5.12.16/Fitabase Data 4.12.16-5.12.16/weightLogInfo_merged.csv,4.12.16-5.12.16,peso,"Id, Date, WeightKg, WeightPounds, Fat, BMI, IsManualReport, LogId",8,5,6.6
