id,total_sleep_records,total_minutes_asleep,total_time_in_bed,source_period,source_file,sleep_date,sleep_hours,time_in_bed_hours,sleep_efficiency,day_of_week
1503960366,1,327,346,4.12.16-5.12.16,data/raw/mturkfitbit_export_4.12.16-5.12.16/Fitabase Data 4.12.16-5.12.16/sleepDay_merged.csv,2016-04-12,5.45,5.77,0.9451,martes
1503960366,2,384,407,4.12.16-5.12.16,data/raw/mturkfitbit_export_4.12.16-5.12.16/Fitabase Data 4.12.16-5.12.16/sleepDay_merged.csv,2016-04-13,6.4,6.78,0.9435,miércoles
1503960366,1,412,442,4.12.16-5.12.16,data/raw/mturkfitbit_export_4.12.16-5.12.16/Fitabase Data 4.12.16-5.12.16/sleepDay_merged.csv,2016-04-15,6.87,7.37,0.9321,viernes
1503960366,2,340,367,4.12.16-5.12.16,data/raw/mturkfitbit_export_4.12.16-5.12.16/Fitabase Data 4.12.16-5.12.16/sleepDay_merged.csv,2016-04-16,5.67,6.12,0.9264,sábado
1503960366,1,700,712,4.12.16-5.12.16,data/raw/mturkfitbit_export_4.12.16-5.12.16/Fitabase Data 4.12.16-5.12.16/sleepDay_merged.csv,2016-04-17,11.67,11.87,0.9831,domingo
1503960366,1,304,320,4.12.16-5.12.16,data/raw/mturkfitbit_export_4.12.16-5.12.16/Fitabase Data 4.12.16-5.12.16/sleepDay_merged.csv,2016-04-19,5.07,5.33,0.95,martes
1503960366,1,360,377,4.12.16-5.12.16,data/raw/mturkfitbit_export_4.12.16-5.12.16/Fitabase Data 4.12.16-5.12.16/sleepDay_merged.csv,2016-04-20,6.0,6.28,0.9549,miércoles
1503960366,1,325,364,4.12.16-5.12.16,data/raw/mturkfitbit_export_4.12.16-5.12.16/Fitabase Data 4.12.16-5.12.16/sleepDay_merged.csv,2016-04-21,5.42,6.07,0.8929,jueves
1503960366,1,361,384,4.12.16-5.12.16,data/raw/mturkfitbit_export_4.12.16-5.12.16/Fitabase Data 4.12.16-5.12.16/sleepDay_merged.csv,2016-04-23,6.02,6.4,0.9401,sábado
1503960366,1,430,449,4.12.16-5.12.16,data/raw/mturkfitbit_export_4.12.16-5.12.16/Fitabase Data 4.12.16-5.12.16/sleepDay_merged.csv,2016-04-24,7.17,7.48,0.9577,domingo
1503960366,1,277,323,4.12.16-5.12.16,data/raw/mturkfitbit_export_4.12.16-5.12.16/Fitabase Data 4.12.16-5.12.16/sleepDay_merged.csv,2016-04-25,4.62,5.38,0.8576,lunes
1503960366,1,245,274,4.12.16-5.12.16,data/raw/mturkfitbit_export_4.12.16-5.12.16/Fitabase Data 4.12.16-5.12.16/sleepDay_merged.csv,2016-04-26,4.08,4.57,0.8942,martes
1503960366,1,366,393,4.12.16-5.12.16,data/raw/mturkfitbit_export_4.12.16-5.12.16/Fitabase Data 4.12.16-5.12.16/sleepDay_merged.csv,2016-04-28,6.1,6.55,0.9313,jueves
1503960366,1,341,354,4.12.16-5.12.16,data/raw/mturkfitbit_export_4.12.16-5.12.16/Fitabase Data 4.12.16-5.12.16/sleepDay_merged.csv,2016-04-29,5.68,5.9,0.9633,viernes
1503960366,1,404,425,4.12.16-5.12.16,data/raw/mturkfitbit_export_4.12.16-5.12.16/Fitabase Data 4.12.16-5.12.16/sleepDay_merged.csv,2016-04-30,6.73,7.08,0.9506,sábado
1503960366,1,369,396,4.12.16-5.12.16,data/raw/mturkfitbit_export_4.12.16-5.12.16/Fitabase Data 4.12.16-5.12.16/sleepDay_merged.csv,2016-05-01,6.15,6.6,0.9318,domingo
1503960366,1,277,309,4.12.16-5.12.16,data/raw/mturkfitbit_export_4.12.16-5.12.16/Fitabase Data 4.12.16-5.12.16/sleepDay_merged.csv,2016-05-02,4.62,5.15,0.8964,lunes
1503960366,1,273,296,4.12.16-5.12.16,data/raw/mturkfitbit_export_4.12.16-5.12.16/Fitabase Data 4.12.16-5.12.16/sleepDay_merged.csv,2016-05-03,4.55,4.93,0.9223,martes
1503960366,1,247,264,4.12.16-5.12.16,data/raw/mturkfitbit_export_4.12.16-5.12.16/Fitabase Data 4.12.16-5.12.16/sleepDay_merged.csv,2016-05-05,4.12,4.4,0.9356,jueves
1503960366,1,334,367,4.12.16-5.12.16,data/raw/mturkfitbit_export_4.12.16-5.12.16/Fitabase Data 4.12.16-5.12.16/sleepDay_merged.csv,2016-05-06,5.57,6.12,0.9101,viernes
1503960366,1,331,349,4.12.16-5.12.16,data/raw/mturkfitbit_export_4.12.16-5.12.16/Fitabase Data 4.12.16-5.12.16/sleepDay_merged.csv,2016-05-07,5.52,5.82,0.9484,sábado
1503960366,1,594,611,4.12.16-5.12.16,data/raw/mturkfitbit_export_4.12.16-5.12.16/Fitabase Data 4.12.16-5.12.16/sleepDay_merged.csv,2016-05-08,9.9,10.18,0.9722,domingo
1503960366,1,338,342,4.12.16-5.12.16,data/raw/mturkfitbit_export_4.12.16-5.12.16/Fitabase Data 4.12.16-5.12.16/sleepDay_merged.csv,2016-05-09,5.63,5.7,0.9883,lunes
1503960366,1,383,403,4.12.16-5.12.16,data/raw/mturkfitbit_export_4.12.16-5.12.16/Fitabase Data 4.12.16-5.12.16/sleepDay_merged.csv,2016-05-10,6.38,6.72,0.9504,martes
1503960366,1,285,306,4.12.16-5.12.16,data/raw/mturkfitbit_export_4.12.16-5.12.16/Fitabase Data 4.12.16-5.12.16/sleepDay_merged.csv,2016-05-11,4.75,5.1,0.9314,miércoles
1644430081,1,119,127,4.12.16-5.12.16,data/raw/mturkfitbit_export_4.12.16-5.12.16/Fitabase Data 4.12.16-5.12.16/sleepDay_merged.csv,2016-04-29,1.98,2.12,0.937,viernes
1644430081,1,124,142,4.12.16-5.12.16,data/raw/mturkfitbit_export_4.12.16-5.12.16/Fitabase Data 4.12.16-5.12.16/sleepDay_merged.csv,2016-04-30,2.07,2.37,0.8732,sábado
1644430081,1,796,961,4.12.16-5.12.16,data/raw/mturkfitbit_export_4.12.16-5.12.16/Fitabase Data 4.12.16-5.12.16/sleepDay_merged.csv,2016-05-02,13.27,16.02,0.8283,lunes
1644430081,1,137,154,4.12.16-5.12.16,data/raw/mturkfitbit_export_4.12.16-5.12.16/Fitabase Data 4.12.16-5.12.16/sleepDay_merged.csv,2016-05-08,2.28,2.57,0.8896,domingo
1844505072,1,644,961,4.12.16-5.12.16,data/raw/mturkfitbit_export_4.12.16-5.12.16/Fitabase Data 4.12.16-5.12.16/sleepDay_merged.csv,2016-04-15,10.73,16.02,0.6701,viernes
1844505072,1,722,961,4.12.16-5.12.16,data/raw/mturkfitbit_export_4.12.16-5.12.16/Fitabase Data 4.12.16-5.12.16/sleepDay_merged.csv,2016-04-30,12.03,16.02,0.7513,sábado
1844505072,1,590,961,4.12.16-5.12.16,data/raw/mturkfitbit_export_4.12.16-5.12.16/Fitabase Data 4.12.16-5.12.16/sleepDay_merged.csv,2016-05-01,9.83,16.02,0.6139,domingo
1927972279,3,750,775,4.12.16-5.12.16,data/raw/mturkfitbit_export_4.12.16-5.12.16/Fitabase Data 4.12.16-5.12.16/sleepDay_merged.csv,2016-04-12,12.5,12.92,0.9677,martes
1927972279,1,398,422,4.12.16-5.12.16,data/raw/mturkfitbit_export_4.12.16-5.12.16/Fitabase Data 4.12.16-5.12.16/sleepDay_merged.csv,2016-04-13,6.63,7.03,0.9431,miércoles
1927972279,2,475,499,4.12.16-5.12.16,data/raw/mturkfitbit_export_4.12.16-5.12.16/Fitabase Data 4.12.16-5.12.16/sleepDay_merged.csv,2016-04-15,7.92,8.32,0.9519,viernes
1927972279,1,296,315,4.12.16-5.12.16,data/raw/mturkfitbit_export_4.12.16-5.12.16/Fitabase Data 4.12.16-5.12.16/sleepDay_merged.csv,2016-04-26,4.93,5.25,0.9397,martes
1927972279,1,166,178,4.12.16-5.12.16,data/raw/mturkfitbit_export_4.12.16-5.12.16/Fitabase Data 4.12.16-5.12.16/sleepDay_merged.csv,2016-04-28,2.77,2.97,0.9326,jueves
2026352035,1,503,546,4.12.16-5.12.16,data/raw/mturkfitbit_export_4.12.16-5.12.16/Fitabase Data 4.12.16-5.12.16/sleepDay_merged.csv,2016-04-12,8.38,9.1,0.9212,martes
2026352035,1,531,565,4.12.16-5.12.16,data/raw/mturkfitbit_export_4.12.16-5.12.16/Fitabase Data 4.12.16-5.12.16/sleepDay_merged.csv,2016-04-13,8.85,9.42,0.9398,miércoles
2026352035,1,545,568,4.12.16-5.12.16,data/raw/mturkfitbit_export_4.12.16-5.12.16/Fitabase Data 4.12.16-5.12.16/sleepDay_merged.csv,2016-04-14,9.08,9.47,0.9595,jueves
2026352035,1,523,573,4.12.16-5.12.16,data/raw/mturkfitbit_export_4.12.16-5.12.16/Fitabase Data 4.12.16-5.12.16/sleepDay_merged.csv,2016-04-15,8.72,9.55,0.9127,viernes
2026352035,1,524,567,4.12.16-5.12.16,data/raw/mturkfitbit_export_4.12.16-5.12.16/Fitabase Data 4.12.16-5.12.16/sleepDay_merged.csv,2016-04-16,8.73,9.45,0.9242,sábado
2026352035,1,437,498,4.12.16-5.12.16,data/raw/mturkfitbit_export_4.12.16-5.12.16/Fitabase Data 4.12.16-5.12.16/sleepDay_merged.csv,2016-04-17,7.28,8.3,0.8775,domingo
2026352035,1,498,540,4.12.16-5.12.16,data/raw/mturkfitbit_export_4.12.16-5.12.16/Fitabase Data 4.12.16-5.12.16/sleepDay_merged.csv,2016-04-19,8.3,9.0,0.9222,martes
2026352035,1,461,510,4.12.16-5.12.16,data/raw/mturkfitbit_export_4.12.16-5.12.16/Fitabase Data 4.12.16-5.12.16/sleepDay_merged.csv,2016-04-20,7.68,8.5,0.9039,miércoles
2026352035,1,477,514,4.12.16-5.12.16,data/raw/mturkfitbit_export_4.12.16-5.12.16/Fitabase Data 4.12.16-5.12.16/sleepDay_merged.csv,2016-04-21,7.95,8.57,0.928,jueves
2026352035,1,520,545,4.12.16-5.12.16,data/raw/mturkfitbit_export_4.12.16-5.12.16/Fitabase Data 4.12.16-5.12.16/sleepDay_merged.csv,2016-04-22,8.67,9.08,0.9541,viernes
2026352035,1,522,554,4.12.16-5.12.16,data/raw/mturkfitbit_export_4.12.16-5.12.16/Fitabase Data 4.12.16-5.12.16/sleepDay_merged.csv,2016-04-23,8.7,9.23,0.9422,sábado
2026352035,1,555,591,4.12.16-5.12.16,data/raw/mturkfitbit_export_4.12.16-5.12.16/Fitabase Data 4.12.16-5.12.16/sleepDay_merged.csv,2016-04-24,9.25,9.85,0.9391,domingo
2026352035,1,506,531,4.12.16-5.12.16,data/raw/mturkfitbit_export_4.12.16-5.12.16/Fitabase Data 4.12.16-5.12.16/sleepDay_merged.csv,2016-04-25,8.43,8.85,0.9529,lunes
2026352035,1,508,545,4.12.16-5.12.16,data/raw/mturkfitbit_export_4.12.16-5.12.16/Fitabase Data 4.12.16-5.12.16/sleepDay_merged.csv,2016-04-27,8.47,9.08,0.9321,miércoles
2026352035,1,513,545,4.12.16-5.12.16,data/raw/mturkfitbit_export_4.12.16-5.12.16/Fitabase Data 4.12.16-5.12.16/sleepDay_merged.csv,2016-04-28,8.55,9.08,0.9413,jueves
2026352035,1,490,510,4.12.16-5.12.16,data/raw/mturkfitbit_export_4.12.16-5.12.16/Fitabase Data 4.12.16-5.12.16/sleepDay_merged.csv,2016-04-29,8.17,8.5,0.9608,viernes
2026352035,1,573,607,4.12.16-5.12.16,data/raw/mturkfitbit_export_4.12.16-5.12.16/Fitabase Data 4.12.16-5.12.16/sleepDay_merged.csv,2016-04-30,9.55,10.12,0.944,sábado
2026352035,1,527,546,4.12.16-5.12.16,data/raw/mturkfitbit_export_4.12.16-5.12.16/Fitabase Data 4.12.16-5.12.16/sleepDay_merged.csv,2016-05-01,8.78,9.1,0.9652,domingo
2026352035,1,511,543,4.12.16-5.12.16,data/raw/mturkfitbit_export_4.12.16-5.12.16/Fitabase Data 4.12.16-5.12.16/sleepDay_merged.csv,2016-05-02,8.52,9.05,0.9411,lunes
2026352035,1,538,560,4.12.16-5.12.16,data/raw/mturkfitbit_export_4.12.16-5.12.16/Fitabase Data 4.12.16-5.12.16/sleepDay_merged.csv,2016-05-04,8.97,9.33,0.9607,miércoles
2026352035,1,468,485,4.12.16-5.12.16,data/raw/mturkfitbit_export_4.12.16-5.12.16/Fitabase Data 4.12.16-5.12.16/sleepDay_merged.csv,2016-05-05,7.8,8.08,0.9649,jueves
2026352035,1,524,548,4.12.16-5.12.16,data/raw/mturkfitbit_export_4.12.16-5.12.16/Fitabase Data 4.12.16-5.12.16/sleepDay_merged.csv,2016-05-06,8.73,9.13,0.9562,viernes
2026352035,1,511,521,4.12.16-5.12.16,data/raw/mturkfitbit_export_4.12.16-5.12.16/Fitabase Data 4.12.16-5.12.16/sleepDay_merged.csv,2016-05-07,8.52,8.68,0.9808,sábado
2026352035,1,541,568,4.12.16-5.12.16,data/raw/mturkfitbit_export_4.12.16-5.12.16/Fitabase Data 4.12.16-5.12.16/sleepDay_merged.csv,2016-05-08,9.02,9.47,0.9525,domingo
2026352035,1,531,556,4.12.16-5.12.16,data/raw/mturkfitbit_export_4.12.16-5.12.16/Fitabase Data 4.12.16-5.12.16/sleepDay_merged.csv,2016-05-09,8.85,9.27,0.955,lunes
2026352035,1,357,380,4.12.16-5.12.16,data/raw/mturkfitbit_export_4.12.16-5.12.16/Fitabase Data 4.12.16-5.12.16/sleepDay_merged.csv,2016-05-10,5.95,6.33,0.9395,martes
2026352035,1,523,553,4.12.16-5.12.16,data/raw/mturkfitbit_export_4.12.16-5.12.16/Fitabase Data 4.12.16-5.12.16/sleepDay_merged.csv,2016-05-11,8.72,9.22,0.9458,miércoles
2026352035,1,456,485,4.12.16-5.12.16,data/raw/mturkfitbit_export_4.12.16-5.12.16/Fitabase Data 4.12.16-5.12.16/sleepDay_merged.csv,2016-05-12,7.6,8.08,0.9402,jueves
2320127002,1,61,69,4.12.16-5.12.16,data/raw/mturkfitbit_export_4.12.16-5.12.16/Fitabase Data 4.12.16-5.12.16/sleepDay_merged.csv,2016-04-23,1.02,1.15,0.8841,sábado
2347167796,1,467,531,4.12.16-5.12.16,data/raw/mturkfitbit_export_4.12.16-5.12.16/Fitabase Data 4.12.16-5.12.16/sleepDay_merged.csv,2016-04-13,7.78,8.85,0.8795,miércoles
2347167796,1,445,489,4.12.16-5.12.16,data/raw/mturkfitbit_export_4.12.16-5.12.16/Fitabase Data 4.12.16-5.12.16/sleepDay_merged.csv,2016-04-14,7.42,8.15,0.91,jueves
2347167796,1,452,504,4.12.16-5.12.16,data/raw/mturkfitbit_export_4.12.16-5.12.16/Fitabase Data 4.12.16-5.12.16/sleepDay_merged.csv,2016-04-15,7.53,8.4,0.8968,viernes
2347167796,1,556,602,4.12.16-5.12.16,data/raw/mturkfitbit_export_4.12.16-5.12.16/Fitabase Data 4.12.16-5.12.16/sleepDay_merged.csv,2016-04-17,9.27,10.03,0.9236,domingo
2347167796,1,500,557,4.12.16-5.12.16,data/raw/mturkfitbit_export_4.12.16-5.12.16/Fitabase Data 4.12.16-5.12.16/sleepDay_merged.csv,2016-04-18,8.33,9.28,0.8977,lunes
2347167796,1,465,514,4.12.16-5.12.16,data/raw/mturkfitbit_export_4.12.16-5.12.16/Fitabase Data 4.12.16-5.12.16/sleepDay_merged.csv,2016-04-19,7.75,8.57,0.9047,martes
2347167796,1,460,484,4.12.16-5.12.16,data/raw/mturkfitbit_export_4.12.16-5.12.16/Fitabase Data 4.12.16-5.12.16/sleepDay_merged.csv,2016-04-21,7.67,8.07,0.9504,jueves
2347167796,1,405,461,4.12.16-5.12.16,data/raw/mturkfitbit_export_4.12.16-5.12.16/Fitabase Data 4.12.16-5.12.16/sleepDay_merged.csv,2016-04-22,6.75,7.68,0.8785,viernes
2347167796,1,374,386,4.12.16-5.12.16,data/raw/mturkfitbit_export_4.12.16-5.12.16/Fitabase Data 4.12.16-5.12.16/sleepDay_merged.csv,2016-04-23,6.23,6.43,0.9689,sábado
2347167796,1,442,459,4.12.16-5.12.16,data/raw/mturkfitbit_export_4.12.16-5.12.16/Fitabase Data 4.12.16-5.12.16/sleepDay_merged.csv,2016-04-24,7.37,7.65,0.963,domingo
2347167796,1,433,471,4.12.16-5.12.16,data/raw/mturkfitbit_export_4.12.16-5.12.16/Fitabase Data 4.12.16-5.12.16/sleepDay_merged.csv,2016-04-25,7.22,7.85,0.9193,lunes
2347167796,1,436,490,4.12.16-5.12.16,data/raw/mturkfitbit_export_4.12.16-5.12.16/Fitabase Data 4.12.16-5.12.16/sleepDay_merged.csv,2016-04-26,7.27,8.17,0.8898,martes
2347167796,1,448,499,4.12.16-5.12.16,data/raw/mturkfitbit_export_4.12.16-5.12.16/Fitabase Data 4.12.16-5.12.16/sleepDay_merged.csv,2016-04-27,7.47,8.32,0.8978,miércoles
2347167796,1,408,450,4.12.16-5.12.16,data/raw/mturkfitbit_export_4.12.16-5.12.16/Fitabase Data 4.12.16-5.12.16/sleepDay_merged.csv,2016-04-28,6.8,7.5,0.9067,jueves
2347167796,1,411,473,4.12.16-5.12.16,data/raw/mturkfitbit_export_4.12.16-5.12.16/Fitabase Data 4.12.16-5.12.16/sleepDay_merged.csv,2016-04-29,6.85,7.88,0.8689,viernes
3977333714,1,274,469,4.12.16-5.12.16,data/raw/mturkfitbit_export_4.12.16-5.12.16/Fitabase Data 4.12.16-5.12.16/sleepDay_merged.csv,2016-04-12,4.57,7.82,0.5842,martes
3977333714,2,295,456,4.12.16-5.12.16,data/raw/mturkfitbit_export_4.12.16-5.12.16/Fitabase Data 4.12.16-5.12.16/sleepDay_merged.csv,2016-04-13,4.92,7.6,0.6469,miércoles
3977333714,1,291,397,4.12.16-5.12.16,data/raw/mturkfitbit_export_4.12.16-5.12.16/Fitabase Data 4.12.16-5.12.16/sleepDay_merged.csv,2016-04-14,4.85,6.62,0.733,jueves
3977333714,1,424,556,4.12.16-5.12.16,data/raw/mturkfitbit_export_4.12.16-5.12.16/Fitabase Data 4.12.16-5.12.16/sleepDay_merged.csv,2016-04-15,7.07,9.27,0.7626,viernes
3977333714,1,283,510,4.12.16-5.12.16,data/raw/mturkfitbit_export_4.12.16-5.12.16/Fitabase Data 4.12.16-5.12.16/sleepDay_merged.csv,2016-04-16,4.72,8.5,0.5549,sábado
3977333714,1,381,566,4.12.16-5.12.16,data/raw/mturkfitbit_export_4.12.16-5.12.16/Fitabase Data 4.12.16-5.12.16/sleepDay_merged.csv,2016-04-17,6.35,9.43,0.6731,domingo
3977333714,2,412,522,4.12.16-5.12.16,data/raw/mturkfitbit_export_4.12.16-5.12.16/Fitabase Data 4.12.16-5.12.16/sleepDay_merged.csv,2016-04-18,6.87,8.7,0.7893,lunes
3977333714,1,219,395,4.12.16-5.12.16,data/raw/mturkfitbit_export_4.12.16-5.12.16/Fitabase Data 4.12.16-5.12.16/sleepDay_merged.csv,2016-04-19,3.65,6.58,0.5544,martes
3977333714,2,152,305,4.12.16-5.12.16,data/raw/mturkfitbit_export_4.12.16-5.12.16/Fitabase Data 4.12.16-5.12.16/sleepDay_merged.csv,2016-04-20,2.53,5.08,0.4984,miércoles
3977333714,1,332,512,4.12.16-5.12.16,data/raw/mturkfitbit_export_4.12.16-5.12.16/Fitabase Data 4.12.16-5.12.16/sleepDay_merged.csv,2016-04-21,5.53,8.53,0.6484,jueves
3977333714,1,355,476,4.12.16-5.12.16,data/raw/mturkfitbit_export_4.12.16-5.12.16/Fitabase Data 4.12.16-5.12.16/sleepDay_merged.csv,2016-04-22,5.92,7.93,0.7458,viernes
3977333714,1,235,372,4.12.16-5.12.16,data/raw/mturkfitbit_export_4.12.16-5.12.16/Fitabase Data 4.12.16-5.12.16/sleepDay_merged.csv,2016-04-23,3.92,6.2,0.6317,sábado
3977333714,1,310,526,4.12.16-5.12.16,data/raw/mturkfitbit_export_4.12.16-5.12.16/Fitabase Data 4.12.16-5.12.16/sleepDay_merged.csv,2016-04-24,5.17,8.77,0.5894,domingo
3977333714,1,262,467,4.12.16-5.12.16,data/raw/mturkfitbit_export_4.12.16-5.12.16/Fitabase Data 4.12.16-5.12.16/sleepDay_merged.csv,2016-04-25,4.37,7.78,0.561,lunes
3977333714,1,250,371,4.12.16-5.12.16,data/raw/mturkfitbit_export_4.12.16-5.12.16/Fitabase Data 4.12.16-5.12.16/sleepDay_merged.csv,2016-04-26,4.17,6.18,0.6739,martes
3977333714,1,349,540,4.12.16-5.12.16,data/raw/mturkfitbit_export_4.12.16-5.12.16/Fitabase Data 4.12.16-5.12.16/sleepDay_merged.csv,2016-04-27,5.82,9.0,0.6463,miércoles
3977333714,1,261,423,4.12.16-5.12.16,data/raw/mturkfitbit_export_4.12.16-5.12.16/Fitabase Data 4.12.16-5.12.16/sleepDay_merged.csv,2016-04-28,4.35,7.05,0.617,jueves
3977333714,1,333,478,4.12.16-5.12.16,data/raw/mturkfitbit_export_4.12.16-5.12.16/Fitabase Data 4.12.16-5.12.16/sleepDay_merged.csv,2016-04-29,5.55,7.97,0.6967,viernes
3977333714,1,237,382,4.12.16-5.12.16,data/raw/mturkfitbit_export_4.12.16-5.12.16/Fitabase Data 4.12.16-5.12.16/sleepDay_merged.csv,2016-04-30,3.95,6.37,0.6204,sábado
3977333714,1,383,626,4.12.16-5.12.16,data/raw/mturkfitbit_export_4.12.16-5.12.16/Fitabase Data 4.12.16-5.12.16/sleepDay_merged.csv,2016-05-01,6.38,10.43,0.6118,domingo
3977333714,1,230,384,4.12.16-5.12.16,data/raw/mturkfitbit_export_4.12.16-5.12.16/Fitabase Data 4.12.16-5.12.16/sleepDay_merged.csv,2016-05-02,3.83,6.4,0.599,lunes
3977333714,1,292,500,4.12.16-5.12.16,data/raw/mturkfitbit_export_4.12.16-5.12.16/Fitabase Data 4.12.16-5.12.16/sleepDay_merged.csv,2016-05-03,4.87,8.33,0.584,martes
3977333714,1,213,336,4.12.16-5.12.16,data/raw/mturkfitbit_export_4.12.16-5.12.16/Fitabase Data 4.12.16-5.12.16/sleepDay_merged.csv,2016-05-04,3.55,5.6,0.6339,miércoles
3977333714,1,318,480,4.12.16-5.12.16,data/raw/mturkfitbit_export_4.12.16-5.12.16/Fitabase Data 4.12.16-5.12.16/sleepDay_merged.csv,2016-05-05,5.3,8.0,0.6625,jueves
3977333714,1,323,512,4.12.16-5.12.16,data/raw/mturkfitbit_export_4.12.16-5.12.16/Fitabase Data 4.12.16-5.12.16/sleepDay_merged.csv,2016-05-06,5.38,8.53,0.6309,viernes
3977333714,1,237,443,4.12.16-5.12.16,data/raw/mturkfitbit_export_4.12.16-5.12.16/Fitabase Data 4.12.16-5.12.16/sleepDay_merged.csv,2016-05-07,3.95,7.38,0.535,sábado
3977333714,2,259,456,4.12.16-5.12.16,data/raw/mturkfitbit_export_4.12.16-5.12.16/Fitabase Data 4.12.16-5.12.16/sleepDay_merged.csv,2016-05-08,4.32,7.6,0.568,domingo
3977333714,1,312,452,4.12.16-5.12.16,data/raw/mturkfitbit_export_4.12.16-5.12.16/Fitabase Data 4.12.16-5.12.16/sleepDay_merged.csv,2016-05-10,5.2,7.53,0.6903,martes
4020332650,1,501,541,4.12.16-5.12.16,data/raw/mturkfitbit_export_4.12.16-5.12.16/Fitabase Data 4.12.16-5.12.16/sleepDay_merged.csv,2016-04-12,8.35,9.02,0.9261,martes
4020332650,1,77,77,4.12.16-5.12.16,data/raw/mturkfitbit_export_4.12.16-5.12.16/Fitabase Data 4.12.16-5.12.16/sleepDay_merged.csv,2016-04-16,1.28,1.28,1.0,sábado
4020332650,1,322,332,4.12.16-5.12.16,data/raw/mturkfitbit_export_4.12.16-5.12.16/Fitabase Data 4.12.16-5.12.16/sleepDay_merged.csv,2016-05-03,5.37,5.53,0.9699,martes
4020332650,1,478,536,4.12.16-5.12.16,data/raw/mturkfitbit_export_4.12.16-5.12.16/Fitabase Data 4.12.16-5.12.16/sleepDay_merged.csv,2016-05-04,7.97,8.93,0.8918,miércoles
4020332650,1,226,248,4.12.16-5.12.16,data/raw/mturkfitbit_export_4.12.16-5.12.16/Fitabase Data 4.12.16-5.12.16/sleepDay_merged.csv,2016-05-05,3.77,4.13,0.9113,jueves
4020332650,1,385,408,4.12.16-5.12.16,data/raw/mturkfitbit_export_4.12.16-5.12.16/Fitabase Data 4.12.16-5.12.16/sleepDay_merged.csv,2016-05-06,6.42,6.8,0.9436,viernes
4020332650,1,364,402,4.12.16-5.12.16,data/raw/mturkfitbit_export_4.12.16-5.12.16/Fitabase Data 4.12.16-5.12.16/sleepDay_merged.csv,2016-05-08,6.07,6.7,0.9055,domingo
4020332650,1,442,494,4.12.16-5.12.16,data/raw/mturkfitbit_export_4.12.16-5.12.16/Fitabase Data 4.12.16-5.12.16/sleepDay_merged.csv,2016-05-10,7.37,8.23,0.8947,martes
4319703577,1,535,557,4.12.16-5.12.16,data/raw/mturkfitbit_export_4.12.16-5.12.16/Fitabase Data 4.12.16-5.12.16/sleepDay_merged.csv,2016-04-14,8.92,9.28,0.9605,jueves
4319703577,1,465,491,4.12.16-5.12.16,data/raw/mturkfitbit_export_4.12.16-5.12.16/Fitabase Data 4.12.16-5.12.16/sleepDay_merged.csv,2016-04-15,7.75,8.18,0.947,viernes
4319703577,1,506,522,4.12.16-5.12.16,data/raw/mturkfitbit_export_4.12.16-5.12.16/Fitabase Data 4.12.16-5.12.16/sleepDay_merged.csv,2016-04-16,8.43,8.7,0.9693,sábado
4319703577,1,515,551,4.12.16-5.12.16,data/raw/mturkfitbit_export_4.12.16-5.12.16/Fitabase Data 4.12.16-5.12.16/sleepDay_merged.csv,2016-04-18,8.58,9.18,0.9347,lunes
4319703577,2,461,498,4.12.16-5.12.16,data/raw/mturkfitbit_export_4.12.16-5.12.16/Fitabase Data 4.12.16-5.12.16/sleepDay_merged.csv,2016-04-19,7.68,8.3,0.9257,martes
4319703577,1,523,543,4.12.16-5.12.16,data/raw/mturkfitbit_export_4.12.16-5.12.16/Fitabase Data 4.12.16-5.12.16/sleepDay_merged.csv,2016-04-20,8.72,9.05,0.9632,miércoles
4319703577,1,59,65,4.12.16-5.12.16,data/raw/mturkfitbit_export_4.12.16-5.12.16/Fitabase Data 4.12.16-5.12.16/sleepDay_merged.csv,2016-04-21,0.98,1.08,0.9077,jueves
4319703577,1,533,550,4.12.16-5.12.16,data/raw/mturkfitbit_export_4.12.16-5.12.16/Fitabase Data 4.12.16-5.12.16/sleepDay_merged.csv,2016-04-22,8.88,9.17,0.9691,viernes
4319703577,1,692,722,4.12.16-5.12.16,data/raw/mturkfitbit_export_4.12.16-5.12.16/Fitabase Data 4.12.16-5.12.16/sleepDay_merged.csv,2016-04-23,11.53,12.03,0.9584,sábado
4319703577,1,467,501,4.12.16-5.12.16,data/raw/mturkfitbit_export_4.12.16-5.12.16/Fitabase Data 4.12.16-5.12.16/sleepDay_merged.csv,2016-04-24,7.78,8.35,0.9321,domingo
4319703577,1,488,506,4.12.16-5.12.16,data/raw/mturkfitbit_export_4.12.16-5.12.16/Fitabase Data 4.12.16-5.12.16/sleepDay_merged.csv,2016-04-25,8.13,8.43,0.9644,lunes
4319703577,1,505,516,4.12.16-5.12.16,data/raw/mturkfitbit_export_4.12.16-5.12.16/Fitabase Data 4.12.16-5.12.16/sleepDay_merged.csv,2016-04-26,8.42,8.6,0.9787,martes
4319703577,1,286,307,4.12.16-5.12.16,data/raw/mturkfitbit_export_4.12.16-5.12.16/Fitabase Data 4.12.16-5.12.16/sleepDay_merged.csv,2016-04-27,4.77,5.12,0.9316,miércoles
4319703577,1,497,522,4.12.16-5.12.16,data/raw/mturkfitbit_export_4.12.16-5.12.16/Fitabase Data 4.12.16-5.12.16/sleepDay_merged.csv,2016-04-28,8.28,8.7,0.9521,jueves
4319703577,1,523,546,4.12.16-5.12.16,data/raw/mturkfitbit_export_4.12.16-5.12.16/Fitabase Data 4.12.16-5.12.16/sleepDay_merged.csv,2016-04-29,8.72,9.1,0.9579,viernes
4319703577,1,490,516,4.12.16-5.12.16,data/raw/mturkfitbit_export_4.12.16-5.12.16/Fitabase Data 4.12.16-5.12.16/sleepDay_merged.csv,2016-04-30,8.17,8.6,0.9496,sábado
4319703577,1,484,500,4.12.16-5.12.16,data/raw/mturkfitbit_export_4.12.16-5.12.16/Fitabase Data 4.12.16-5.12.16/sleepDay_merged.csv,2016-05-01,8.07,8.33,0.968,domingo
4319703577,1,478,506,4.12.16-5.12.16,data/raw/mturkfitbit_export_4.12.16-5.12.16/Fitabase Data 4.12.16-5.12.16/sleepDay_merged.csv,2016-05-02,7.97,8.43,0.9447,lunes
4319703577,1,474,512,4.12.16-5.12.16,data/raw/mturkfitbit_export_4.12.16-5.12.16/Fitabase Data 4.12.16-5.12.16/sleepDay_merged.csv,2016-05-03,7.9,8.53,0.9258,martes
4319703577,1,450,491,4.12.16-5.12.16,data/raw/mturkfitbit_export_4.12.16-5.12.16/Fitabase Data 4.12.16-5.12.16/sleepDay_merged.csv,2016-05-06,7.5,8.18,0.9165,viernes
4319703577,1,507,530,4.12.16-5.12.16,data/raw/mturkfitbit_export_4.12.16-5.12.16/Fitabase Data 4.12.16-5.12.16/sleepDay_merged.csv,2016-05-07,8.45,8.83,0.9566,sábado
4319703577,1,602,638,4.12.16-5.12.16,data/raw/mturkfitbit_export_4.12.16-5.12.16/Fitabase Data 4.12.16-5.12.16/sleepDay_merged.csv,2016-05-08,10.03,10.63,0.9436,domingo
4319703577,1,535,565,4.12.16-5.12.16,data/raw/mturkfitbit_export_4.12.16-5.12.16/Fitabase Data 4.12.16-5.12.16/sleepDay_merged.csv,2016-05-09,8.92,9.42,0.9469,lunes
4319703577,1,487,517,4.12.16-5.12.16,data/raw/mturkfitbit_export_4.12.16-5.12.16/Fitabase Data 4.12.16-5.12.16/sleepDay_merged.csv,2016-05-10,8.12,8.62,0.942,martes
4319703577,1,529,558,4.12.16-5.12.16,data/raw/mturkfitbit_export_4.12.16-5.12.16/Fitabase Data 4.12.16-5.12.16/sleepDay_merged.csv,2016-05-11,8.82,9.3,0.948,miércoles
4319703577,1,302,321,4.12.16-5.12.16,data/raw/mturkfitbit_export_4.12.16-5.12.16/Fitabase Data 4.12.16-5.12.16/sleepDay_merged.csv,2016-05-12,5.03,5.35,0.9408,jueves
4388161847,1,499,526,4.12.16-5.12.16,data/raw/mturkfitbit_export_4.12.16-5.12.16/Fitabase Data 4.12.16-5.12.16/sleepDay_merged.csv,2016-04-15,8.32,8.77,0.9487,viernes
4388161847,2,426,448,4.12.16-5.12.16,data/raw/mturkfitbit_export_4.12.16-5.12.16/Fitabase Data 4.12.16-5.12.16/sleepDay_merged.csv,2016-04-16,7.1,7.47,0.9509,sábado
4388161847,2,619,641,4.12.16-5.12.16,data/raw/mturkfitbit_export_4.12.16-5.12.16/Fitabase Data 4.12.16-5.12.16/sleepDay_merged.csv,2016-04-17,10.32,10.68,0.9657,domingo
4388161847,1,99,104,4.12.16-5.12.16,data/raw/mturkfitbit_export_4.12.16-5.12.16/Fitabase Data 4.12.16-5.12.16/sleepDay_merged.csv,2016-04-18,1.65,1.73,0.9519,lunes
4388161847,1,329,338,4.12.16-5.12.16,data/raw/mturkfitbit_export_4.12.16-5.12.16/Fitabase Data 4.12.16-5.12.16/sleepDay_merged.csv,2016-04-19,5.48,5.63,0.9734,martes
4388161847,1,421,451,4.12.16-5.12.16,data/raw/mturkfitbit_export_4.12.16-5.12.16/Fitabase Data 4.12.16-5.12.16/sleepDay_merged.csv,2016-04-20,7.02,7.52,0.9335,miércoles
4388161847,1,442,458,4.12.16-5.12.16,data/raw/mturkfitbit_export_4.12.16-5.12.16/Fitabase Data 4.12.16-5.12.16/sleepDay_merged.csv,2016-04-21,7.37,7.63,0.9651,jueves
4388161847,1,82,85,4.12.16-5.12.16,data/raw/mturkfitbit_export_4.12.16-5.12.16/Fitabase Data 4.12.16-5.12.16/sleepDay_merged.csv,2016-04-22,1.37,1.42,0.9647,viernes
4388161847,1,478,501,4.12.16-5.12.16,data/raw/mturkfitbit_export_4.12.16-5.12.16/Fitabase Data 4.12.16-5.12.16/sleepDay_merged.csv,2016-04-23,7.97,8.35,0.9541,sábado
4388161847,3,552,595,4.12.16-5.12.16,data/raw/mturkfitbit_export_4.12.16-5.12.16/Fitabase Data 4.12.16-5.12.16/sleepDay_merged.csv,2016-04-24,9.2,9.92,0.9277,domingo
4388161847,1,319,346,4.12.16-5.12.16,data/raw/mturkfitbit_export_4.12.16-5.12.16/Fitabase Data 4.12.16-5.12.16/sleepDay_merged.csv,2016-04-26,5.32,5.77,0.922,martes
4388161847,1,439,500,4.12.16-5.12.16,data/raw/mturkfitbit_export_4.12.16-5.12.16/Fitabase Data 4.12.16-5.12.16/sleepDay_merged.csv,2016-04-27,7.32,8.33,0.878,miércoles
4388161847,1,428,458,4.12.16-5.12.16,data/raw/mturkfitbit_export_4.12.16-5.12.16/Fitabase Data 4.12.16-5.12.16/sleepDay_merged.csv,2016-04-28,7.13,7.63,0.9345,jueves
4388161847,2,409,430,4.12.16-5.12.16,data/raw/mturkfitbit_export_4.12.16-5.12.16/Fitabase Data 4.12.16-5.12.16/sleepDay_merged.csv,2016-04-30,6.82,7.17,0.9512,sábado
4388161847,1,547,597,4.12.16-5.12.16,data/raw/mturkfitbit_export_4.12.16-5.12.16/Fitabase Data 4.12.16-5.12.16/sleepDay_merged.csv,2016-05-01,9.12,9.95,0.9162,domingo
4388161847,2,368,376,4.12.16-5.12.16,data/raw/mturkfitbit_export_4.12.16-5.12.16/Fitabase Data 4.12.16-5.12.16/sleepDay_merged.csv,2016-05-02,6.13,6.27,0.9787,lunes
4388161847,1,390,414,4.12.16-5.12.16,data/raw/mturkfitbit_export_4.12.16-5.12.16/Fitabase Data 4.12.16-5.12.16/sleepDay_merged.csv,2016-05-04,6.5,6.9,0.942,miércoles
4388161847,1,471,495,4.12.16-5.12.16,data/raw/mturkfitbit_export_4.12.16-5.12.16/Fitabase Data 4.12.16-5.12.16/sleepDay_merged.csv,2016-05-05,7.85,8.25,0.9515,jueves
4388161847,1,472,496,4.12.16-5.12.16,data/raw/mturkfitbit_export_4.12.16-5.12.16/Fitabase Data 4.12.16-5.12.16/sleepDay_merged.csv,2016-05-07,7.87,8.27,0.9516,sábado
4388161847,2,529,541,4.12.16-5.12.16,data/raw/mturkfitbit_export_4.12.16-5.12.16/Fitabase Data 4.12.16-5.12.16/sleepDay_merged.csv,2016-05-08,8.82,9.02,0.9778,domingo
4388161847,1,62,65,4.12.16-5.12.16,data/raw/mturkfitbit_export_4.12.16-5.12.16/Fitabase Data 4.12.16-5.12.16/sleepDay_merged.csv,2016-05-09,1.03,1.08,0.9538,lunes
4388161847,1,354,375,4.12.16-5.12.16,data/raw/mturkfitbit_export_4.12.16-5.12.16/Fitabase Data 4.12.16-5.12.16/sleepDay_merged.csv,2016-05-10,5.9,6.25,0.944,martes
4388161847,1,469,494,4.12.16-5.12.16,data/raw/mturkfitbit_export_4.12.16-5.12.16/Fitabase Data 4.12.16-5.12.16/sleepDay_merged.csv,2016-05-11,7.82,8.23,0.9494,miércoles
4445114986,2,429,457,4.12.16-5.12.16,data/raw/mturkfitbit_export_4.12.16-5.12.16/Fitabase Data 4.12.16-5.12.16/sleepDay_merged.csv,2016-04-12,7.15,7.62,0.9387,martes
4445114986,2,370,406,4.12.16-5.12.16,data/raw/mturkfitbit_export_4.12.16-5.12.16/Fitabase Data 4.12.16-5.12.16/sleepDay_merged.csv,2016-04-13,6.17,6.77,0.9113,miércoles
4445114986,1,441,492,4.12.16-5.12.16,data/raw/mturkfitbit_export_4.12.16-5.12.16/Fitabase Data 4.12.16-5.12.16/sleepDay_merged.csv,2016-04-14,7.35,8.2,0.8963,jueves
4445114986,2,337,379,4.12.16-5.12.16,data/raw/mturkfitbit_export_4.12.16-5.12.16/Fitabase Data 4.12.16-5.12.16/sleepDay_merged.csv,2016-04-15,5.62,6.32,0.8892,viernes
4445114986,1,462,499,4.12.16-5.12.16,data/raw/mturkfitbit_export_4.12.16-5.12.16/Fitabase Data 4.12.16-5.12.16/sleepDay_merged.csv,2016-04-16,7.7,8.32,0.9259,sábado
4445114986,1,98,107,4.12.16-5.12.16,data/raw/mturkfitbit_export_4.12.16-5.12.16/Fitabase Data 4.12.16-5.12.16/sleepDay_merged.csv,2016-04-17,1.63,1.78,0.9159,domingo
4445114986,2,388,424,4.12.16-5.12.16,data/raw/mturkfitbit_export_4.12.16-5.12.16/Fitabase Data 4.12.16-5.12.16/sleepDay_merged.csv,2016-04-19,6.47,7.07,0.9151,martes
4445114986,1,439,462,4.12.16-5.12.16,data/raw/mturkfitbit_export_4.12.16-5.12.16/Fitabase Data 4.12.16-5.12.16/sleepDay_merged.csv,2016-04-20,7.32,7.7,0.9502,miércoles
4445114986,1,436,469,4.12.16-5.12.16,data/raw/mturkfitbit_export_4.12.16-5.12.16/Fitabase Data 4.12.16-5.12.16/sleepDay_merged.csv,2016-04-21,7.27,7.82,0.9296,jueves
4445114986,1,388,417,4.12.16-5.12.16,data/raw/mturkfitbit_export_4.12.16-5.12.16/Fitabase Data 4.12.16-5.12.16/sleepDay_merged.csv,2016-04-22,6.47,6.95,0.9305,viernes
4445114986,1,328,345,4.12.16-5.12.16,data/raw/mturkfitbit_export_4.12.16-5.12.16/Fitabase Data 4.12.16-5.12.16/sleepDay_merged.csv,2016-04-25,5.47,5.75,0.9507,lunes
4445114986,2,353,391,4.12.16-5.12.16,data/raw/mturkfitbit_export_4.12.16-5.12.16/Fitabase Data 4.12.16-5.12.16/sleepDay_merged.csv,2016-04-26,5.88,6.52,0.9028,martes
4445114986,1,332,374,4.12.16-5.12.16,data/raw/mturkfitbit_export_4.12.16-5.12.16/Fitabase Data 4.12.16-5.12.16/sleepDay_merged.csv,2016-04-27,5.53,6.23,0.8877,miércoles
4445114986,1,419,442,4.12.16-5.12.16,data/raw/mturkfitbit_export_4.12.16-5.12.16/Fitabase Data 4.12.16-5.12.16/sleepDay_merged.csv,2016-04-28,6.98,7.37,0.948,jueves
4445114986,1,106,108,4.12.16-5.12.16,data/raw/mturkfitbit_export_4.12.16-5.12.16/Fitabase Data 4.12.16-5.12.16/sleepDay_merged.csv,2016-04-29,1.77,1.8,0.9815,viernes
4445114986,1,322,353,4.12.16-5.12.16,data/raw/mturkfitbit_export_4.12.16-5.12.16/Fitabase Data 4.12.16-5.12.16/sleepDay_merged.csv,2016-04-30,5.37,5.88,0.9122,sábado
4445114986,2,439,459,4.12.16-5.12.16,data/raw/mturkfitbit_export_4.12.16-5.12.16/Fitabase Data 4.12.16-5.12.16/sleepDay_merged.csv,2016-05-01,7.32,7.65,0.9564,domingo
4445114986,1,502,542,4.12.16-5.12.16,data/raw/mturkfitbit_export_4.12.16-5.12.16/Fitabase Data 4.12.16-5.12.16/sleepDay_merged.csv,2016-05-02,8.37,9.03,0.9262,lunes
4445114986,2,417,450,4.12.16-5.12.16,data/raw/mturkfitbit_export_4.12.16-5.12.16/Fitabase Data 4.12.16-5.12.16/sleepDay_merged.csv,2016-05-03,6.95,7.5,0.9267,martes
4445114986,2,337,363,4.12.16-5.12.16,data/raw/mturkfitbit_export_4.12.16-5.12.16/Fitabase Data 4.12.16-5.12.16/sleepDay_merged.csv,2016-05-04,5.62,6.05,0.9284,miércoles
4445114986,2,462,513,4.12.16-5.12.16,data/raw/mturkfitbit_export_4.12.16-5.12.16/Fitabase Data 4.12.16-5.12.16/sleepDay_merged.csv,2016-05-05,7.7,8.55,0.9006,jueves
4445114986,2,374,402,4.12.16-5.12.16,data/raw/mturkfitbit_export_4.12.16-5.12.16/Fitabase Data 4.12.16-5.12.16/sleepDay_merged.csv,2016-05-06,6.23,6.7,0.9303,viernes
4445114986,2,401,436,4.12.16-5.12.16,data/raw/mturkfitbit_export_4.12.16-5.12.16/Fitabase Data 4.12.16-5.12.16/sleepDay_merged.csv,2016-05-07,6.68,7.27,0.9197,sábado
4445114986,1,361,391,4.12.16-5.12.16,data/raw/mturkfitbit_export_4.12.16-5.12.16/Fitabase Data 4.12.16-5.12.16/sleepDay_merged.csv,2016-05-08,6.02,6.52,0.9233,domingo
4445114986,1,457,533,4.12.16-5.12.16,data/raw/mturkfitbit_export_4.12.16-5.12.16/Fitabase Data 4.12.16-5.12.16/sleepDay_merged.csv,2016-05-09,7.62,8.88,0.8574,lunes
4445114986,1,405,426,4.12.16-5.12.16,data/raw/mturkfitbit_export_4.12.16-5.12.16/Fitabase Data 4.12.16-5.12.16/sleepDay_merged.csv,2016-05-10,6.75,7.1,0.9507,martes
4445114986,1,499,530,4.12.16-5.12.16,data/raw/mturkfitbit_export_4.12.16-5.12.16/Fitabase Data 4.12.16-5.12.16/sleepDay_merged.csv,2016-05-11,8.32,8.83,0.9415,miércoles
4445114986,1,483,501,4.12.16-5.12.16,data/raw/mturkfitbit_export_4.12.16-5.12.16/Fitabase Data 4.12.16-5.12.16/sleepDay_merged.csv,2016-05-12,8.05,8.35,0.9641,jueves
4558609924,1,126,137,4.12.16-5.12.16,data/raw/mturkfitbit_export_4.12.16-5.12.16/Fitabase Data 4.12.16-5.12.16/sleepDay_merged.csv,2016-04-21,2.1,2.28,0.9197,jueves
4558609924,1,103,121,4.12.16-5.12.16,data/raw/mturkfitbit_export_4.12.16-5.12.16/Fitabase Data 4.12.16-5.12.16/sleepDay_merged.csv,2016-04-26,1.72,2.02,0.8512,martes
4558609924,1,171,179,4.12.16-5.12.16,data/raw/mturkfitbit_export_4.12.16-5.12.16/Fitabase Data 4.12.16-5.12.16/sleepDay_merged.csv,2016-04-29,2.85,2.98,0.9553,viernes
4558609924,1,115,129,4.12.16-5.12.16,data/raw/mturkfitbit_export_4.12.16-5.12.16/Fitabase Data 4.12.16-5.12.16/sleepDay_merged.csv,2016-05-01,1.92,2.15,0.8915,domingo
4558609924,1,123,134,4.12.16-5.12.16,data/raw/mturkfitbit_export_4.12.16-5.12.16/Fitabase Data 4.12.16-5.12.16/sleepDay_merged.csv,2016-05-08,2.05,2.23,0.9179,domingo
4702921684,1,425,439,4.12.16-5.12.16,data/raw/mturkfitbit_export_4.12.16-5.12.16/Fitabase Data 4.12.16-5.12.16/sleepDay_merged.csv,2016-04-12,7.08,7.32,0.9681,martes
4702921684,2,400,430,4.12.16-5.12.16,data/raw/mturkfitbit_export_4.12.16-5.12.16/Fitabase Data 4.12.16-5.12.16/sleepDay_merged.csv,2016-04-13,6.67,7.17,0.9302,miércoles
4702921684,1,384,415,4.12.16-5.12.16,data/raw/mturkfitbit_export_4.12.16-5.12.16/Fitabase Data 4.12.16-5.12.16/sleepDay_merged.csv,2016-04-14,6.4,6.92,0.9253,jueves
4702921684,1,253,257,4.12.16-5.12.16,data/raw/mturkfitbit_export_4.12.16-5.12.16/Fitabase Data 4.12.16-5.12.16/sleepDay_merged.csv,2016-04-15,4.22,4.28,0.9844,viernes
4702921684,2,382,406,4.12.16-5.12.16,data/raw/mturkfitbit_export_4.12.16-5.12.16/Fitabase Data 4.12.16-5.12.16/sleepDay_merged.csv,2016-04-16,6.37,6.77,0.9409,sábado
4702921684,1,591,612,4.12.16-5.12.16,data/raw/mturkfitbit_export_4.12.16-5.12.16/Fitabase Data 4.12.16-5.12.16/sleepDay_merged.csv,2016-04-17,9.85,10.2,0.9657,domingo
4702921684,1,293,312,4.12.16-5.12.16,data/raw/mturkfitbit_export_4.12.16-5.12.16/Fitabase Data 4.12.16-5.12.16/sleepDay_merged.csv,2016-04-18,4.88,5.2,0.9391,lunes
4702921684,1,457,487,4.12.16-5.12.16,data/raw/mturkfitbit_export_4.12.16-5.12.16/Fitabase Data 4.12.16-5.12.16/sleepDay_merged.csv,2016-04-19,7.62,8.12,0.9384,martes
4702921684,1,454,468,4.12.16-5.12.16,data/raw/mturkfitbit_export_4.12.16-5.12.16/Fitabase Data 4.12.16-5.12.16/sleepDay_merged.csv,2016-04-20,7.57,7.8,0.9701,miércoles
4702921684,1,425,434,4.12.16-5.12.16,data/raw/mturkfitbit_export_4.12.16-5.12.16/Fitabase Data 4.12.16-5.12.16/sleepDay_merged.csv,2016-04-21,7.08,7.23,0.9793,jueves
4702921684,1,465,475,4.12.16-5.12.16,data/raw/mturkfitbit_export_4.12.16-5.12.16/Fitabase Data 4.12.16-5.12.16/sleepDay_merged.csv,2016-04-23,7.75,7.92,0.9789,sábado
4702921684,1,480,506,4.12.16-5.12.16,data/raw/mturkfitbit_export_4.12.16-5.12.16/Fitabase Data 4.12.16-5.12.16/sleepDay_merged.csv,2016-04-24,8.0,8.43,0.9486,domingo
4702921684,1,370,380,4.12.16-5.12.16,data/raw/mturkfitbit_export_4.12.16-5.12.16/Fitabase Data 4.12.16-5.12.16/sleepDay_merged.csv,2016-04-25,6.17,6.33,0.9737,lunes
4702921684,1,421,429,4.12.16-5.12.16,data/raw/mturkfitbit_export_4.12.16-5.12.16/Fitabase Data 4.12.16-5.12.16/sleepDay_merged.csv,2016-04-26,7.02,7.15,0.9814,martes
4702921684,1,432,449,4.12.16-5.12.16,data/raw/mturkfitbit_export_4.12.16-5.12.16/Fitabase Data 4.12.16-5.12.16/sleepDay_merged.csv,2016-04-27,7.2,7.48,0.9621,miércoles
4702921684,1,442,461,4.12.16-5.12.16,data/raw/mturkfitbit_export_4.12.16-5.12.16/Fitabase Data 4.12.16-5.12.16/sleepDay_merged.csv,2016-04-28,7.37,7.68,0.9588,jueves
4702921684,1,433,447,4.12.16-5.12.16,data/raw/mturkfitbit_export_4.12.16-5.12.16/Fitabase Data 4.12.16-5.12.16/sleepDay_merged.csv,2016-04-29,7.22,7.45,0.9687,viernes
4702921684,1,479,501,4.12.16-5.12.16,data/raw/mturkfitbit_export_4.12.16-5.12.16/Fitabase Data 4.12.16-5.12.16/sleepDay_merged.csv,2016-04-30,7.98,8.35,0.9561,sábado
4702921684,1,327,373,4.12.16-5.12.16,data/raw/mturkfitbit_export_4.12.16-5.12.16/Fitabase Data 4.12.16-5.12.16/sleepDay_merged.csv,2016-05-03,5.45,6.22,0.8767,martes
4702921684,1,412,434,4.12.16-5.12.16,data/raw/mturkfitbit_export_4.12.16-5.12.16/Fitabase Data 4.12.16-5.12.16/sleepDay_merged.csv,2016-05-04,6.87,7.23,0.9493,miércoles
4702921684,1,414,428,4.12.16-5.12.16,data/raw/mturkfitbit_export_4.12.16-5.12.16/Fitabase Data 4.12.16-5.12.16/sleepDay_merged.csv,2016-05-05,6.9,7.13,0.9673,jueves
4702921684,1,404,449,4.12.16-5.12.16,data/raw/mturkfitbit_export_4.12.16-5.12.16/Fitabase Data 4.12.16-5.12.16/sleepDay_merged.csv,2016-05-06,6.73,7.48,0.8998,viernes
4702921684,1,520,543,4.12.16-5.12.16,data/raw/mturkfitbit_export_4.12.16-5.12.16/Fitabase Data 4.12.16-5.12.16/sleepDay_merged.csv,2016-05-07,8.67,9.05,0.9576,sábado
4702921684,1,435,458,4.12.16-5.12.16,data/raw/mturkfitbit_export_4.12.16-5.12.16/Fitabase Data 4.12.16-5.12.16/sleepDay_merged.csv,2016-05-09,7.25,7.63,0.9498,lunes
4702921684,1,416,431,4.12.16-5.12.16,data/raw/mturkfitbit_export_4.12.16-5.12.16/Fitabase Data 4.12.16-5.12.16/sleepDay_merged.csv,2016-05-10,6.93,7.18,0.9652,martes
4702921684,1,354,366,4.12.16-5.12.16,data/raw/mturkfitbit_export_4.12.16-5.12.16/Fitabase Data 4.12.16-5.12.16/sleepDay_merged.csv,2016-05-11,5.9,6.1,0.9672,miércoles
4702921684,1,404,442,4.12.16-5.12.16,data/raw/mturkfitbit_export_4.12.16-5.12.16/Fitabase Data 4.12.16-5.12.16/sleepDay_merged.csv,2016-05-12,6.73,7.37,0.914,jueves
5553957443,1,441,464,4.12.16-5.12.16,data/raw/mturkfitbit_export_4.12.16-5.12.16/Fitabase Data 4.12.16-5.12.16/sleepDay_merged.csv,2016-04-12,7.35,7.73,0.9504,martes
5553957443,2,455,488,4.12.16-5.12.16,data/raw/mturkfitbit_export_4.12.16-5.12.16/Fitabase Data 4.12.16-5.12.16/sleepDay_merged.csv,2016-04-13,7.58,8.13,0.9324,miércoles
5553957443,1,357,418,4.12.16-5.12.16,data/raw/mturkfitbit_export_4.12.16-5.12.16/Fitabase Data 4.12.16-5.12.16/sleepDay_merged.csv,2016-04-14,5.95,6.97,0.8541,jueves
5553957443,1,377,409,4.12.16-5.12.16,data/raw/mturkfitbit_export_4.12.16-5.12.16/Fitabase Data 4.12.16-5.12.16/sleepDay_merged.csv,2016-04-15,6.28,6.82,0.9218,viernes
5553957443,2,651,686,4.12.16-5.12.16,data/raw/mturkfitbit_export_4.12.16-5.12.16/Fitabase Data 4.12.16-5.12.16/sleepDay_merged.csv,2016-04-16,10.85,11.43,0.949,sábado
5553957443,1,350,402,4.12.16-5.12.16,data/raw/mturkfitbit_export_4.12.16-5.12.16/Fitabase Data 4.12.16-5.12.16/sleepDay_merged.csv,2016-04-17,5.83,6.7,0.8706,domingo
5553957443,2,520,541,4.12.16-5.12.16,data/raw/mturkfitbit_export_4.12.16-5.12.16/Fitabase Data 4.12.16-5.12.16/sleepDay_merged.csv,2016-04-18,8.67,9.02,0.9612,lunes
5553957443,1,357,410,4.12.16-5.12.16,data/raw/mturkfitbit_export_4.12.16-5.12.16/Fitabase Data 4.12.16-5.12.16/sleepDay_merged.csv,2016-04-19,5.95,6.83,0.8707,martes
5553957443,1,658,678,4.12.16-5.12.16,data/raw/mturkfitbit_export_4.12.16-5.12.16/Fitabase Data 4.12.16-5.12.16/sleepDay_merged.csv,2016-04-20,10.97,11.3,0.9705,miércoles
5553957443,1,399,431,4.12.16-5.12.16,data/raw/mturkfitbit_export_4.12.16-5.12.16/Fitabase Data 4.12.16-5.12.16/sleepDay_merged.csv,2016-04-21,6.65,7.18,0.9258,jueves
5553957443,1,322,353,4.12.16-5.12.16,data/raw/mturkfitbit_export_4.12.16-5.12.16/Fitabase Data 4.12.16-5.12.16/sleepDay_merged.csv,2016-04-22,5.37,5.88,0.9122,viernes
5553957443,2,631,725,4.12.16-5.12.16,data/raw/mturkfitbit_export_4.12.16-5.12.16/Fitabase Data 4.12.16-5.12.16/sleepDay_merged.csv,2016-04-23,10.52,12.08,0.8703,sábado
5553957443,2,553,640,4.12.16-5.12.16,data/raw/mturkfitbit_export_4.12.16-5.12.16/Fitabase Data 4.12.16-5.12.16/sleepDay_merged.csv,2016-04-24,9.22,10.67,0.8641,domingo
5553957443,1,433,468,4.12.16-5.12.16,data/raw/mturkfitbit_export_4.12.16-5.12.16/Fitabase Data 4.12.16-5.12.16/sleepDay_merged.csv,2016-04-25,7.22,7.8,0.9252,lunes
5553957443,1,412,453,4.12.16-5.12.16,data/raw/mturkfitbit_export_4.12.16-5.12.16/Fitabase Data 4.12.16-5.12.16/sleepDay_merged.csv,2016-04-26,6.87,7.55,0.9095,martes
5553957443,1,347,391,4.12.16-5.12.16,data/raw/mturkfitbit_export_4.12.16-5.12.16/Fitabase Data 4.12.16-5.12.16/sleepDay_merged.csv,2016-04-27,5.78,6.52,0.8875,miércoles
5553957443,1,421,457,4.12.16-5.12.16,data/raw/mturkfitbit_export_4.12.16-5.12.16/Fitabase Data 4.12.16-5.12.16/sleepDay_merged.csv,2016-04-28,7.02,7.62,0.9212,jueves
5553957443,1,450,495,4.12.16-5.12.16,data/raw/mturkfitbit_export_4.12.16-5.12.16/Fitabase Data 4.12.16-5.12.16/sleepDay_merged.csv,2016-04-29,7.5,8.25,0.9091,viernes
5553957443,2,775,843,4.12.16-5.12.16,data/raw/mturkfitbit_export_4.12.16-5.12.16/Fitabase Data 4.12.16-5.12.16/sleepDay_merged.csv,2016-04-30,12.92,14.05,0.9193,sábado
5553957443,2,622,686,4.12.16-5.12.16,data/raw/mturkfitbit_export_4.12.16-5.12.16/Fitabase Data 4.12.16-5.12.16/sleepDay_merged.csv,2016-05-01,10.37,11.43,0.9067,domingo
5553957443,1,409,471,4.12.16-5.12.16,data/raw/mturkfitbit_export_4.12.16-5.12.16/Fitabase Data 4.12.16-5.12.16/sleepDay_merged.csv,2016-05-02,6.82,7.85,0.8684,lunes
5553957443,1,380,429,4.12.16-5.12.16,data/raw/mturkfitbit_export_4.12.16-5.12.16/Fitabase Data 4.12.16-5.12.16/sleepDay_merged.csv,2016-05-03,6.33,7.15,0.8858,martes
5553957443,1,447,470,4.12.16-5.12.16,data/raw/mturkfitbit_export_4.12.16-5.12.16/Fitabase Data 4.12.16-5.12.16/sleepDay_merged.csv,2016-05-04,7.45,7.83,0.9511,miércoles
5553957443,1,419,464,4.12.16-5.12.16,data/raw/mturkfitbit_export_4.12.16-5.12.16/Fitabase Data 4.12.16-5.12.16/sleepDay_merged.csv,2016-05-05,6.98,7.73,0.903,jueves
5553957443,1,400,434,4.12.16-5.12.16,data/raw/mturkfitbit_export_4.12.16-5.12.16/Fitabase Data 4.12.16-5.12.16/sleepDay_merged.csv,2016-05-06,6.67,7.23,0.9217,viernes
5553957443,1,442,470,4.12.16-5.12.16,data/raw/mturkfitbit_export_4.12.16-5.12.16/Fitabase Data 4.12.16-5.12.16/sleepDay_merged.csv,2016-05-07,7.37,7.83,0.9404,sábado
5553957443,1,568,608,4.12.16-5.12.16,data/raw/mturkfitbit_export_4.12.16-5.12.16/Fitabase Data 4.12.16-5.12.16/sleepDay_merged.csv,2016-05-08,9.47,10.13,0.9342,domingo
5553957443,1,453,494,4.12.16-5.12.16,data/raw/mturkfitbit_export_4.12.16-5.12.16/Fitabase Data 4.12.16-5.12.16/sleepDay_merged.csv,2016-05-09,7.55,8.23,0.917,lunes
5553957443,1,418,443,4.12.16-5.12.16,data/raw/mturkfitbit_export_4.12.16-5.12.16/Fitabase Data 4.12.16-5.12.16/sleepDay_merged.csv,2016-05-10,6.97,7.38,0.9436,martes
5553957443,1,463,486,4.12.16-5.12.16,data/raw/mturkfitbit_export_4.12.16-5.12.16/Fitabase Data 4.12.16-5.12.16/sleepDay_merged.csv,2016-05-11,7.72,8.1,0.9527,miércoles
5553957443,1,438,475,4.12.16-5.12.16,data/raw/mturkfitbit_export_4.12.16-5.12.16/Fitabase Data 4.12.16-5.12.16/sleepDay_merged.csv,2016-05-12,7.3,7.92,0.9221,jueves
5577150313,1,419,438,4.12.16-5.12.16,data/raw/mturkfitbit_export_4.12.16-5.12.16/Fitabase Data 4.12.16-5.12.16/sleepDay_merged.csv,2016-04-12,6.98,7.3,0.9566,martes
5577150313,1,432,458,4.12.16-5.12.16,data/raw/mturkfitbit_export_4.12.16-5.12.16/Fitabase Data 4.12.16-5.12.16/sleepDay_merged.csv,2016-04-13,7.2,7.63,0.9432,miércoles
5577150313,1,477,497,4.12.16-5.12.16,data/raw/mturkfitbit_export_4.12.16-5.12.16/Fitabase Data 4.12.16-5.12.16/sleepDay_merged.csv,2016-04-14,7.95,8.28,0.9598,jueves
5577150313,1,392,413,4.12.16-5.12.16,data/raw/mturkfitbit_export_4.12.16-5.12.16/Fitabase Data 4.12.16-5.12.16/sleepDay_merged.csv,2016-04-15,6.53,6.88,0.9492,viernes
5577150313,1,406,445,4.12.16-5.12.16,data/raw/mturkfitbit_export_4.12.16-5.12.16/Fitabase Data 4.12.16-5.12.16/sleepDay_merged.csv,2016-04-16,6.77,7.42,0.9124,sábado
5577150313,1,549,583,4.12.16-5.12.16,data/raw/mturkfitbit_export_4.12.16-5.12.16/Fitabase Data 4.12.16-5.12.16/sleepDay_merged.csv,2016-04-17,9.15,9.72,0.9417,domingo
5577150313,1,527,553,4.12.16-5.12.16,data/raw/mturkfitbit_export_4.12.16-5.12.16/Fitabase Data 4.12.16-5.12.16/sleepDay_merged.csv,2016-04-18,8.78,9.22,0.953,lunes
5577150313,1,449,465,4.12.16-5.12.16,data/raw/mturkfitbit_export_4.12.16-5.12.16/Fitabase Data 4.12.16-5.12.16/sleepDay_merged.csv,2016-04-19,7.48,7.75,0.9656,martes
5577150313,1,447,480,4.12.16-5.12.16,data/raw/mturkfitbit_export_4.12.16-5.12.16/Fitabase Data 4.12.16-5.12.16/sleepDay_merged.csv,2016-04-20,7.45,8.0,0.9312,miércoles
5577150313,1,414,437,4.12.16-5.12.16,data/raw/mturkfitbit_export_4.12.16-5.12.16/Fitabase Data 4.12.16-5.12.16/sleepDay_merged.csv,2016-04-21,6.9,7.28,0.9474,jueves
5577150313,1,338,366,4.12.16-5.12.16,data/raw/mturkfitbit_export_4.12.16-5.12.16/Fitabase Data 4.12.16-5.12.16/sleepDay_merged.csv,2016-04-22,5.63,6.1,0.9235,viernes
5577150313,1,384,402,4.12.16-5.12.16,data/raw/mturkfitbit_export_4.12.16-5.12.16/Fitabase Data 4.12.16-5.12.16/sleepDay_merged.csv,2016-04-23,6.4,6.7,0.9552,sábado
5577150313,1,543,615,4.12.16-5.12.16,data/raw/mturkfitbit_export_4.12.16-5.12.16/Fitabase Data 4.12.16-5.12.16/sleepDay_merged.csv,2016-04-24,9.05,10.25,0.8829,domingo
5577150313,1,421,461,4.12.16-5.12.16,data/raw/mturkfitbit_export_4.12.16-5.12.16/Fitabase Data 4.12.16-5.12.16/sleepDay_merged.csv,2016-04-25,7.02,7.68,0.9132,lunes
5577150313,1,354,377,4.12.16-5.12.16,data/raw/mturkfitbit_export_4.12.16-5.12.16/Fitabase Data 4.12.16-5.12.16/sleepDay_merged.csv,2016-04-26,5.9,6.28,0.939,martes
5577150313,1,424,452,4.12.16-5.12.16,data/raw/mturkfitbit_export_4.12.16-5.12.16/Fitabase Data 4.12.16-5.12.16/sleepDay_merged.csv,2016-04-27,7.07,7.53,0.9381,miércoles
5577150313,1,361,372,4.12.16-5.12.16,data/raw/mturkfitbit_export_4.12.16-5.12.16/Fitabase Data 4.12.16-5.12.16/sleepDay_merged.csv,2016-04-28,6.02,6.2,0.9704,jueves
5577150313,1,459,485,4.12.16-5.12.16,data/raw/mturkfitbit_export_4.12.16-5.12.16/Fitabase Data 4.12.16-5.12.16/sleepDay_merged.csv,2016-04-29,7.65,8.08,0.9464,viernes
5577150313,1,412,433,4.12.16-5.12.16,data/raw/mturkfitbit_export_4.12.16-5.12.16/Fitabase Data 4.12.16-5.12.16/sleepDay_merged.csv,2016-04-30,6.87,7.22,0.9515,sábado
5577150313,1,379,398,4.12.16-5.12.16,data/raw/mturkfitbit_export_4.12.16-5.12.16/Fitabase Data 4.12.16-5.12.16/sleepDay_merged.csv,2016-05-01,6.32,6.63,0.9523,domingo
5577150313,2,525,553,4.12.16-5.12.16,data/raw/mturkfitbit_export_4.12.16-5.12.16/Fitabase Data 4.12.16-5.12.16/sleepDay_merged.csv,2016-05-02,8.75,9.22,0.9494,lunes
5577150313,1,508,543,4.12.16-5.12.16,data/raw/mturkfitbit_export_4.12.16-5.12.16/Fitabase Data 4.12.16-5.12.16/sleepDay_merged.csv,2016-05-03,8.47,9.05,0.9355,martes
5577150313,1,603,634,4.12.16-5.12.16,data/raw/mturkfitbit_export_4.12.16-5.12.16/Fitabase Data 4.12.16-5.12.16/sleepDay_merged.csv,2016-05-04,10.05,10.57,0.9511,miércoles
5577150313,1,74,78,4.12.16-5.12.16,data/raw/mturkfitbit_export_4.12.16-5.12.16/Fitabase Data 4.12.16-5.12.16/sleepDay_merged.csv,2016-05-05,1.23,1.3,0.9487,jueves
5577150313,1,504,562,4.12.16-5.12.16,data/raw/mturkfitbit_export_4.12.16-5.12.16/Fitabase Data 4.12.16-5.12.16/sleepDay_merged.csv,2016-05-10,8.4,9.37,0.8968,martes
5577150313,1,431,476,4.12.16-5.12.16,data/raw/mturkfitbit_export_4.12.16-5.12.16/Fitabase Data 4.12.16-5.12.16/sleepDay_merged.csv,2016-05-11,7.18,7.93,0.9055,miércoles
6117666160,1,380,398,4.12.16-5.12.16,data/raw/mturkfitbit_export_4.12.16-5.12.16/Fitabase Data 4.12.16-5.12.16/sleepDay_merged.csv,2016-04-16,6.33,6.63,0.9548,sábado
6117666160,2,336,350,4.12.16-5.12.16,data/raw/mturkfitbit_export_4.12.16-5.12.16/Fitabase Data 4.12.16-5.12.16/sleepDay_merged.csv,2016-04-17,5.6,5.83,0.96,domingo
6117666160,2,493,510,4.12.16-5.12.16,data/raw/mturkfitbit_export_4.12.16-5.12.16/Fitabase Data 4.12.16-5.12.16/sleepDay_merged.csv,2016-04-18,8.22,8.5,0.9667,lunes
6117666160,1,465,492,4.12.16-5.12.16,data/raw/mturkfitbit_export_4.12.16-5.12.16/Fitabase Data 4.12.16-5.12.16/sleepDay_merged.csv,2016-04-19,7.75,8.2,0.9451,martes
6117666160,1,474,502,4.12.16-5.12.16,data/raw/mturkfitbit_export_4.12.16-5.12.16/Fitabase Data 4.12.16-5.12.16/sleepDay_merged.csv,2016-04-20,7.9,8.37,0.9442,miércoles
6117666160,1,508,550,4.12.16-5.12.16,data/raw/mturkfitbit_export_4.12.16-5.12.16/Fitabase Data 4.12.16-5.12.16/sleepDay_merged.csv,2016-04-21,8.47,9.17,0.9236,jueves
6117666160,1,480,546,4.12.16-5.12.16,data/raw/mturkfitbit_export_4.12.16-5.12.16/Fitabase Data 4.12.16-5.12.16/sleepDay_merged.csv,2016-04-22,8.0,9.1,0.8791,viernes
6117666160,1,492,539,4.12.16-5.12.16,data/raw/mturkfitbit_export_4.12.16-5.12.16/Fitabase Data 4.12.16-5.12.16/sleepDay_merged.csv,2016-04-23,8.2,8.98,0.9128,sábado
6117666160,1,353,367,4.12.16-5.12.16,data/raw/mturkfitbit_export_4.12.16-5.12.16/Fitabase Data 4.12.16-5.12.16/sleepDay_merged.csv,2016-04-24,5.88,6.12,0.9619,domingo
6117666160,1,542,557,4.12.16-5.12.16,data/raw/mturkfitbit_export_4.12.16-5.12.16/Fitabase Data 4.12.16-5.12.16/sleepDay_merged.csv,2016-04-27,9.03,9.28,0.9731,miércoles
6117666160,1,393,416,4.12.16-5.12.16,data/raw/mturkfitbit_export_4.12.16-5.12.16/Fitabase Data 4.12.16-5.12.16/sleepDay_merged.csv,2016-04-28,6.55,6.93,0.9447,jueves
6117666160,1,600,636,4.12.16-5.12.16,data/raw/mturkfitbit_export_4.12.16-5.12.16/Fitabase Data 4.12.16-5.12.16/sleepDay_merged.csv,2016-04-29,10.0,10.6,0.9434,viernes
6117666160,1,507,575,4.12.16-5.12.16,data/raw/mturkfitbit_export_4.12.16-5.12.16/Fitabase Data 4.12.16-5.12.16/sleepDay_merged.csv,2016-05-01,8.45,9.58,0.8817,domingo
6117666160,1,392,415,4.12.16-5.12.16,data/raw/mturkfitbit_export_4.12.16-5.12.16/Fitabase Data 4.12.16-5.12.16/sleepDay_merged.csv,2016-05-05,6.53,6.92,0.9446,jueves
6117666160,2,658,698,4.12.16-5.12.16,data/raw/mturkfitbit_export_4.12.16-5.12.16/Fitabase Data 4.12.16-5.12.16/sleepDay_merged.csv,2016-05-06,10.97,11.63,0.9427,viernes
6117666160,2,498,507,4.12.16-5.12.16,data/raw/mturkfitbit_export_4.12.16-5.12.16/Fitabase Data 4.12.16-5.12.16/sleepDay_merged.csv,2016-05-07,8.3,8.45,0.9822,sábado
6117666160,1,555,603,4.12.16-5.12.16,data/raw/mturkfitbit_export_4.12.16-5.12.16/Fitabase Data 4.12.16-5.12.16/sleepDay_merged.csv,2016-05-08,9.25,10.05,0.9204,domingo
6117666160,1,492,522,4.12.16-5.12.16,data/raw/mturkfitbit_export_4.12.16-5.12.16/Fitabase Data 4.12.16-5.12.16/sleepDay_merged.csv,2016-05-09,8.2,8.7,0.9425,lunes
6775888955,1,235,260,4.12.16-5.12.16,data/raw/mturkfitbit_export_4.12.16-5.12.16/Fitabase Data 4.12.16-5.12.16/sleepDay_merged.csv,2016-04-13,3.92,4.33,0.9038,miércoles
6775888955,1,423,441,4.12.16-5.12.16,data/raw/mturkfitbit_export_4.12.16-5.12.16/Fitabase Data 4.12.16-5.12.16/sleepDay_merged.csv,2016-04-14,7.05,7.35,0.9592,jueves
6775888955,1,391,406,4.12.16-5.12.16,data/raw/mturkfitbit_export_4.12.16-5.12.16/Fitabase Data 4.12.16-5.12.16/sleepDay_merged.csv,2016-04-15,6.52,6.77,0.9631,viernes
6962181067,1,366,387,4.12.16-5.12.16,data/raw/mturkfitbit_export_4.12.16-5.12.16/Fitabase Data 4.12.16-5.12.16/sleepDay_merged.csv,2016-04-12,6.1,6.45,0.9457,martes
6962181067,3,630,679,4.12.16-5.12.16,data/raw/mturkfitbit_export_4.12.16-5.12.16/Fitabase Data 4.12.16-5.12.16/sleepDay_merged.csv,2016-04-13,10.5,11.32,0.9278,miércoles
6962181067,2,508,535,4.12.16-5.12.16,data/raw/mturkfitbit_export_4.12.16-5.12.16/Fitabase Data 4.12.16-5.12.16/sleepDay_merged.csv,2016-04-14,8.47,8.92,0.9495,jueves
6962181067,1,370,386,4.12.16-5.12.16,data/raw/mturkfitbit_export_4.12.16-5.12.16/Fitabase Data 4.12.16-5.12.16/sleepDay_merged.csv,2016-04-15,6.17,6.43,0.9585,viernes
6962181067,1,357,366,4.12.16-5.12.16,data/raw/mturkfitbit_export_4.12.16-5.12.16/Fitabase Data 4.12.16-5.12.16/sleepDay_merged.csv,2016-04-16,5.95,6.1,0.9754,sábado
6962181067,1,427,446,4.12.16-5.12.16,data/raw/mturkfitbit_export_4.12.16-5.12.16/Fitabase Data 4.12.16-5.12.16/sleepDay_merged.csv,2016-04-17,7.12,7.43,0.9574,domingo
6962181067,1,442,458,4.12.16-5.12.16,data/raw/mturkfitbit_export_4.12.16-5.12.16/Fitabase Data 4.12.16-5.12.16/sleepDay_merged.csv,2016-04-18,7.37,7.63,0.9651,lunes
6962181067,1,476,535,4.12.16-5.12.16,data/raw/mturkfitbit_export_4.12.16-5.12.16/Fitabase Data 4.12.16-5.12.16/sleepDay_merged.csv,2016-04-19,7.93,8.92,0.8897,martes
6962181067,1,418,424,4.12.16-5.12.16,data/raw/mturkfitbit_export_4.12.16-5.12.16/Fitabase Data 4.12.16-5.12.16/sleepDay_merged.csv,2016-04-20,6.97,7.07,0.9858,miércoles
6962181067,1,451,457,4.12.16-5.12.16,data/raw/mturkfitbit_export_4.12.16-5.12.16/Fitabase Data 4.12.16-5.12.16/sleepDay_merged.csv,2016-04-21,7.52,7.62,0.9869,jueves
6962181067,1,425,435,4.12.16-5.12.16,data/raw/mturkfitbit_export_4.12.16-5.12.16/Fitabase Data 4.12.16-5.12.16/sleepDay_merged.csv,2016-04-22,7.08,7.25,0.977,viernes
6962181067,1,528,546,4.12.16-5.12.16,data/raw/mturkfitbit_export_4.12.16-5.12.16/Fitabase Data 4.12.16-5.12.16/sleepDay_merged.csv,2016-04-23,8.8,9.1,0.967,sábado
6962181067,1,511,514,4.12.16-5.12.16,data/raw/mturkfitbit_export_4.12.16-5.12.16/Fitabase Data 4.12.16-5.12.16/sleepDay_merged.csv,2016-04-24,8.52,8.57,0.9942,domingo
6962181067,1,400,415,4.12.16-5.12.16,data/raw/mturkfitbit_export_4.12.16-5.12.16/Fitabase Data 4.12.16-5.12.16/sleepDay_merged.csv,2016-04-25,6.67,6.92,0.9639,lunes
6962181067,1,441,446,4.12.16-5.12.16,data/raw/mturkfitbit_export_4.12.16-5.12.16/Fitabase Data 4.12.16-5.12.16/sleepDay_merged.csv,2016-04-26,7.35,7.43,0.9888,martes
6962181067,1,455,467,4.12.16-5.12.16,data/raw/mturkfitbit_export_4.12.16-5.12.16/Fitabase Data 4.12.16-5.12.16/sleepDay_merged.csv,2016-04-27,7.58,7.78,0.9743,miércoles
6962181067,1,440,453,4.12.16-5.12.16,data/raw/mturkfitbit_export_4.12.16-5.12.16/Fitabase Data 4.12.16-5.12.16/sleepDay_merged.csv,2016-04-28,7.33,7.55,0.9713,jueves
6962181067,1,433,447,4.12.16-5.12.16,data/raw/mturkfitbit_export_4.12.16-5.12.16/Fitabase Data 4.12.16-5.12.16/sleepDay_merged.csv,2016-04-29,7.22,7.45,0.9687,viernes
6962181067,1,422,424,4.12.16-5.12.16,data/raw/mturkfitbit_export_4.12.16-5.12.16/Fitabase Data 4.12.16-5.12.16/sleepDay_merged.csv,2016-04-30,7.03,7.07,0.9953,sábado
6962181067,1,411,426,4.12.16-5.12.16,data/raw/mturkfitbit_export_4.12.16-5.12.16/Fitabase Data 4.12.16-5.12.16/sleepDay_merged.csv,2016-05-01,6.85,7.1,0.9648,domingo
6962181067,1,466,482,4.12.16-5.12.16,data/raw/mturkfitbit_export_4.12.16-5.12.16/Fitabase Data 4.12.16-5.12.16/sleepDay_merged.csv,2016-05-02,7.77,8.03,0.9668,lunes
6962181067,1,394,418,4.12.16-5.12.16,data/raw/mturkfitbit_export_4.12.16-5.12.16/Fitabase Data 4.12.16-5.12.16/sleepDay_merged.csv,2016-05-03,6.57,6.97,0.9426,martes
6962181067,1,442,455,4.12.16-5.12.16,data/raw/mturkfitbit_export_4.12.16-5.12.16/Fitabase Data 4.12.16-5.12.16/sleepDay_merged.csv,2016-05-04,7.37,7.58,0.9714,miércoles
6962181067,1,467,491,4.12.16-5.12.16,data/raw/mturkfitbit_export_4.12.16-5.12.16/Fitabase Data 4.12.16-5.12.16/sleepDay_merged.csv,2016-05-05,7.78,8.18,0.9511,jueves
6962181067,1,443,462,4.12.16-5.12.16,data/raw/mturkfitbit_export_4.12.16-5.12.16/Fitabase Data 4.12.16-5.12.16/sleepDay_merged.csv,2016-05-06,7.38,7.7,0.9589,viernes
6962181067,1,298,334,4.12.16-5.12.16,data/raw/mturkfitbit_export_4.12.16-5.12.16/Fitabase Data 4.12.16-5.12.16/sleepDay_merged.csv,2016-05-07,4.97,5.57,0.8922,sábado
6962181067,1,541,569,4.12.16-5.12.16,data/raw/mturkfitbit_export_4.12.16-5.12.16/Fitabase Data 4.12.16-5.12.16/sleepDay_merged.csv,2016-05-08,9.02,9.48,0.9508,domingo
6962181067,1,489,497,4.12.16-5.12.16,data/raw/mturkfitbit_export_4.12.16-5.12.16/Fitabase Data 4.12.16-5.12.16/sleepDay_merged.csv,2016-05-09,8.15,8.28,0.9839,lunes
6962181067,1,469,481,4.12.16-5.12.16,data/raw/mturkfitbit_export_4.12.16-5.12.16/Fitabase Data 4.12.16-5.12.16/sleepDay_merged.csv,2016-05-10,7.82,8.02,0.9751,martes
6962181067,1,452,480,4.12.16-5.12.16,data/raw/mturkfitbit_export_4.12.16-5.12.16/Fitabase Data 4.12.16-5.12.16/sleepDay_merged.csv,2016-05-11,7.53,8.0,0.9417,miércoles
6962181067,1,516,535,4.12.16-5.12.16,data/raw/mturkfitbit_export_4.12.16-5.12.16/Fitabase Data 4.12.16-5.12.16/sleepDay_merged.csv,2016-05-12,8.6,8.92,0.9645,jueves
7007744171,1,79,82,4.12.16-5.12.16,data/raw/mturkfitbit_export_4.12.16-5.12.16/Fitabase Data 4.12.16-5.12.16/sleepDay_merged.csv,2016-04-16,1.32,1.37,0.9634,sábado
7007744171,1,58,61,4.12.16-5.12.16,data/raw/mturkfitbit_export_4.12.16-5.12.16/Fitabase Data 4.12.16-5.12.16/sleepDay_merged.csv,2016-05-01,0.97,1.02,0.9508,domingo
7086361926,1,514,525,4.12.16-5.12.16,data/raw/mturkfitbit_export_4.12.16-5.12.16/Fitabase Data 4.12.16-5.12.16/sleepDay_merged.csv,2016-04-12,8.57,8.75,0.979,martes
7086361926,1,451,465,4.12.16-5.12.16,data/raw/mturkfitbit_export_4.12.16-5.12.16/Fitabase Data 4.12.16-5.12.16/sleepDay_merged.csv,2016-04-13,7.52,7.75,0.9699,miércoles
7086361926,1,472,476,4.12.16-5.12.16,data/raw/mturkfitbit_export_4.12.16-5.12.16/Fitabase Data 4.12.16-5.12.16/sleepDay_merged.csv,2016-04-14,7.87,7.93,0.9916,jueves
7086361926,1,377,386,4.12.16-5.12.16,data/raw/mturkfitbit_export_4.12.16-5.12.16/Fitabase Data 4.12.16-5.12.16/sleepDay_merged.csv,2016-04-15,6.28,6.43,0.9767,viernes
7086361926,1,472,483,4.12.16-5.12.16,data/raw/mturkfitbit_export_4.12.16-5.12.16/Fitabase Data 4.12.16-5.12.16/sleepDay_merged.csv,2016-04-19,7.87,8.05,0.9772,martes
7086361926,1,492,502,4.12.16-5.12.16,data/raw/mturkfitbit_export_4.12.16-5.12.16/Fitabase Data 4.12.16-5.12.16/sleepDay_merged.csv,2016-04-20,8.2,8.37,0.9801,miércoles
7086361926,1,390,411,4.12.16-5.12.16,data/raw/mturkfitbit_export_4.12.16-5.12.16/Fitabase Data 4.12.16-5.12.16/sleepDay_merged.csv,2016-04-21,6.5,6.85,0.9489,jueves
7086361926,1,428,448,4.12.16-5.12.16,data/raw/mturkfitbit_export_4.12.16-5.12.16/Fitabase Data 4.12.16-5.12.16/sleepDay_merged.csv,2016-04-22,7.13,7.47,0.9554,viernes
7086361926,1,681,704,4.12.16-5.12.16,data/raw/mturkfitbit_export_4.12.16-5.12.16/Fitabase Data 4.12.16-5.12.16/sleepDay_merged.csv,2016-04-24,11.35,11.73,0.9673,domingo
7086361926,1,446,447,4.12.16-5.12.16,data/raw/mturkfitbit_export_4.12.16-5.12.16/Fitabase Data 4.12.16-5.12.16/sleepDay_merged.csv,2016-04-25,7.43,7.45,0.9978,lunes
7086361926,1,485,500,4.12.16-5.12.16,data/raw/mturkfitbit_export_4.12.16-5.12.16/Fitabase Data 4.12.16-5.12.16/sleepDay_merged.csv,2016-04-26,8.08,8.33,0.97,martes
7086361926,1,469,479,4.12.16-5.12.16,data/raw/mturkfitbit_export_4.12.16-5.12.16/Fitabase Data 4.12.16-5.12.16/sleepDay_merged.csv,2016-04-27,7.82,7.98,0.9791,miércoles
7086361926,1,354,367,4.12.16-5.12.16,data/raw/mturkfitbit_export_4.12.16-5.12.16/Fitabase Data 4.12.16-5.12.16/sleepDay_merged.csv,2016-04-28,5.9,6.12,0.9646,jueves
7086361926,1,485,489,4.12.16-5.12.16,data/raw/mturkfitbit_export_4.12.16-5.12.16/Fitabase Data 4.12.16-5.12.16/sleepDay_merged.csv,2016-04-30,8.08,8.15,0.9918,sábado
7086361926,1,388,407,4.12.16-5.12.16,data/raw/mturkfitbit_export_4.12.16-5.12.16/Fitabase Data 4.12.16-5.12.16/sleepDay_merged.csv,2016-05-01,6.47,6.78,0.9533,domingo
7086361926,1,440,459,4.12.16-5.12.16,data/raw/mturkfitbit_export_4.12.16-5.12.16/Fitabase Data 4.12.16-5.12.16/sleepDay_merged.csv,2016-05-02,7.33,7.65,0.9586,lunes
7086361926,1,456,461,4.12.16-5.12.16,data/raw/mturkfitbit_export_4.12.16-5.12.16/Fitabase Data 4.12.16-5.12.16/sleepDay_merged.csv,2016-05-03,7.6,7.68,0.9892,martes
7086361926,1,420,436,4.12.16-5.12.16,data/raw/mturkfitbit_export_4.12.16-5.12.16/Fitabase Data 4.12.16-5.12.16/sleepDay_merged.csv,2016-05-04,7.0,7.27,0.9633,miércoles
7086361926,1,322,333,4.12.16-5.12.16,data/raw/mturkfitbit_export_4.12.16-5.12.16/Fitabase Data 4.12.16-5.12.16/sleepDay_merged.csv,2016-05-06,5.37,5.55,0.967,viernes
7086361926,1,530,548,4.12.16-5.12.16,data/raw/mturkfitbit_export_4.12.16-5.12.16/Fitabase Data 4.12.16-5.12.16/sleepDay_merged.csv,2016-05-07,8.83,9.13,0.9672,sábado
7086361926,1,481,510,4.12.16-5.12.16,data/raw/mturkfitbit_export_4.12.16-5.12.16/Fitabase Data 4.12.16-5.12.16/sleepDay_merged.csv,2016-05-08,8.02,8.5,0.9431,domingo
7086361926,1,427,438,4.12.16-5.12.16,data/raw/mturkfitbit_export_4.12.16-5.12.16/Fitabase Data 4.12.16-5.12.16/sleepDay_merged.csv,2016-05-09,7.12,7.3,0.9749,lunes
7086361926,1,451,463,4.12.16-5.12.16,data/raw/mturkfitbit_export_4.12.16-5.12.16/Fitabase Data 4.12.16-5.12.16/sleepDay_merged.csv,2016-05-11,7.52,7.72,0.9741,miércoles
7086361926,1,444,457,4.12.16-5.12.16,data/raw/mturkfitbit_export_4.12.16-5.12.16/Fitabase Data 4.12.16-5.12.16/sleepDay_merged.csv,2016-05-12,7.4,7.62,0.9716,jueves
8053475328,1,486,493,4.12.16-5.12.16,data/raw/mturkfitbit_export_4.12.16-5.12.16/Fitabase Data 4.12.16-5.12.16/sleepDay_merged.csv,2016-04-20,8.1,8.22,0.9858,miércoles
8053475328,1,331,337,4.12.16-5.12.16,data/raw/mturkfitbit_export_4.12.16-5.12.16/Fitabase Data 4.12.16-5.12.16/sleepDay_merged.csv,2016-04-23,5.52,5.62,0.9822,sábado
8053475328,1,74,75,4.12.16-5.12.16,data/raw/mturkfitbit_export_4.12.16-5.12.16/Fitabase Data 4.12.16-5.12.16/sleepDay_merged.csv,2016-05-07,1.23,1.25,0.9867,sábado
8378563200,1,338,356,4.12.16-5.12.16,data/raw/mturkfitbit_export_4.12.16-5.12.16/Fitabase Data 4.12.16-5.12.16/sleepDay_merged.csv,2016-04-12,5.63,5.93,0.9494,martes
8378563200,2,447,487,4.12.16-5.12.16,data/raw/mturkfitbit_export_4.12.16-5.12.16/Fitabase Data 4.12.16-5.12.16/sleepDay_merged.csv,2016-04-13,7.45,8.12,0.9179,miércoles
8378563200,1,424,455,4.12.16-5.12.16,data/raw/mturkfitbit_export_4.12.16-5.12.16/Fitabase Data 4.12.16-5.12.16/sleepDay_merged.csv,2016-04-14,7.07,7.58,0.9319,jueves
8378563200,1,513,533,4.12.16-5.12.16,data/raw/mturkfitbit_export_4.12.16-5.12.16/Fitabase Data 4.12.16-5.12.16/sleepDay_merged.csv,2016-04-15,8.55,8.88,0.9625,viernes
8378563200,2,611,689,4.12.16-5.12.16,data/raw/mturkfitbit_export_4.12.16-5.12.16/Fitabase Data 4.12.16-5.12.16/sleepDay_merged.csv,2016-04-16,10.18,11.48,0.8868,sábado
8378563200,2,525,591,4.12.16-5.12.16,data/raw/mturkfitbit_export_4.12.16-5.12.16/Fitabase Data 4.12.16-5.12.16/sleepDay_merged.csv,2016-04-17,8.75,9.85,0.8883,domingo
8378563200,1,398,451,4.12.16-5.12.16,data/raw/mturkfitbit_export_4.12.16-5.12.16/Fitabase Data 4.12.16-5.12.16/sleepDay_merged.csv,2016-04-18,6.63,7.52,0.8825,lunes
8378563200,1,387,421,4.12.16-5.12.16,data/raw/mturkfitbit_export_4.12.16-5.12.16/Fitabase Data 4.12.16-5.12.16/sleepDay_merged.csv,2016-04-19,6.45,7.02,0.9192,martes
8378563200,1,381,409,4.12.16-5.12.16,data/raw/mturkfitbit_export_4.12.16-5.12.16/Fitabase Data 4.12.16-5.12.16/sleepDay_merged.csv,2016-04-20,6.35,6.82,0.9315,miércoles
8378563200,1,396,417,4.12.16-5.12.16,data/raw/mturkfitbit_export_4.12.16-5.12.16/Fitabase Data 4.12.16-5.12.16/sleepDay_merged.csv,2016-04-21,6.6,6.95,0.9496,jueves
8378563200,1,441,469,4.12.16-5.12.16,data/raw/mturkfitbit_export_4.12.16-5.12.16/Fitabase Data 4.12.16-5.12.16/sleepDay_merged.csv,2016-04-22,7.35,7.82,0.9403,viernes
8378563200,1,565,591,4.12.16-5.12.16,data/raw/mturkfitbit_export_4.12.16-5.12.16/Fitabase Data 4.12.16-5.12.16/sleepDay_merged.csv,2016-04-23,9.42,9.85,0.956,sábado
8378563200,1,458,492,4.12.16-5.12.16,data/raw/mturkfitbit_export_4.12.16-5.12.16/Fitabase Data 4.12.16-5.12.16/sleepDay_merged.csv,2016-04-24,7.63,8.2,0.9309,domingo
8378563200,1,388,402,4.12.16-5.12.16,data/raw/mturkfitbit_export_4.12.16-5.12.16/Fitabase Data 4.12.16-5.12.16/sleepDay_merged.csv,2016-04-25,6.47,6.7,0.9652,lunes
8378563200,1,550,584,4.12.16-5.12.16,data/raw/mturkfitbit_export_4.12.16-5.12.16/Fitabase Data 4.12.16-5.12.16/sleepDay_merged.csv,2016-04-26,9.17,9.73,0.9418,martes
8378563200,1,531,600,4.12.16-5.12.16,data/raw/mturkfitbit_export_4.12.16-5.12.16/Fitabase Data 4.12.16-5.12.16/sleepDay_merged.csv,2016-04-27,8.85,10.0,0.885,miércoles
8378563200,1,506,556,4.12.16-5.12.16,data/raw/mturkfitbit_export_4.12.16-5.12.16/Fitabase Data 4.12.16-5.12.16/sleepDay_merged.csv,2016-04-28,8.43,9.27,0.9101,jueves
8378563200,1,527,562,4.12.16-5.12.16,data/raw/mturkfitbit_export_4.12.16-5.12.16/Fitabase Data 4.12.16-5.12.16/sleepDay_merged.csv,2016-04-29,8.78,9.37,0.9377,viernes
8378563200,1,468,555,4.12.16-5.12.16,data/raw/mturkfitbit_export_4.12.16-5.12.16/Fitabase Data 4.12.16-5.12.16/sleepDay_merged.csv,2016-04-30,7.8,9.25,0.8432,sábado
8378563200,1,475,539,4.12.16-5.12.16,data/raw/mturkfitbit_export_4.12.16-5.12.16/Fitabase Data 4.12.16-5.12.16/sleepDay_merged.csv,2016-05-01,7.92,8.98,0.8813,domingo
8378563200,1,351,385,4.12.16-5.12.16,data/raw/mturkfitbit_export_4.12.16-5.12.16/Fitabase Data 4.12.16-5.12.16/sleepDay_merged.csv,2016-05-02,5.85,6.42,0.9117,lunes
8378563200,1,405,429,4.12.16-5.12.16,data/raw/mturkfitbit_export_4.12.16-5.12.16/Fitabase Data 4.12.16-5.12.16/sleepDay_merged.csv,2016-05-03,6.75,7.15,0.9441,martes
8378563200,1,441,477,4.12.16-5.12.16,data/raw/mturkfitbit_export_4.12.16-5.12.16/Fitabase Data 4.12.16-5.12.16/sleepDay_merged.csv,2016-05-04,7.35,7.95,0.9245,miércoles
8378563200,1,381,417,4.12.16-5.12.16,data/raw/mturkfitbit_export_4.12.16-5.12.16/Fitabase Data 4.12.16-5.12.16/sleepDay_merged.csv,2016-05-05,6.35,6.95,0.9137,jueves
8378563200,1,323,355,4.12.16-5.12.16,data/raw/mturkfitbit_export_4.12.16-5.12.16/Fitabase Data 4.12.16-5.12.16/sleepDay_merged.csv,2016-05-06,5.38,5.92,0.9099,viernes
8378563200,2,459,513,4.12.16-5.12.16,data/raw/mturkfitbit_export_4.12.16-5.12.16/Fitabase Data 4.12.16-5.12.16/sleepDay_merged.csv,2016-05-07,7.65,8.55,0.8947,sábado
8378563200,1,545,606,4.12.16-5.12.16,data/raw/mturkfitbit_export_4.12.16-5.12.16/Fitabase Data 4.12.16-5.12.16/sleepDay_merged.csv,2016-05-08,9.08,10.1,0.8993,domingo
8378563200,1,359,399,4.12.16-5.12.16,data/raw/mturkfitbit_export_4.12.16-5.12.16/Fitabase Data 4.12.16-5.12.16/sleepDay_merged.csv,2016-05-09,5.98,6.65,0.8997,lunes
8378563200,1,342,391,4.12.16-5.12.16,data/raw/mturkfitbit_export_4.12.16-5.12.16/Fitabase Data 4.12.16-5.12.16/sleepDay_merged.csv,2016-05-10,5.7,6.52,0.8747,martes
8378563200,1,368,387,4.12.16-5.12.16,data/raw/mturkfitbit_export_4.12.16-5.12.16/Fitabase Data 4.12.16-5.12.16/sleepDay_merged.csv,2016-05-11,6.13,6.45,0.9509,miércoles
8378563200,1,496,546,4.12.16-5.12.16,data/raw/mturkfitbit_export_4.12.16-5.12.16/Fitabase Data 4.12.16-5.12.16/sleepDay_merged.csv,2016-05-12,8.27,9.1,0.9084,jueves
8792009665,1,458,493,4.12.16-5.12.16,data/raw/mturkfitbit_export_4.12.16-5.12.16/Fitabase Data 4.12.16-5.12.16/sleepDay_merged.csv,2016-04-12,7.63,8.22,0.929,martes
8792009665,1,531,552,4.12.16-5.12.16,data/raw/mturkfitbit_export_4.12.16-5.12.16/Fitabase Data 4.12.16-5.12.16/sleepDay_merged.csv,2016-04-13,8.85,9.2,0.962,miércoles
8792009665,1,486,503,4.12.16-5.12.16,data/raw/mturkfitbit_export_4.12.16-5.12.16/Fitabase Data 4.12.16-5.12.16/sleepDay_merged.csv,2016-04-14,8.1,8.38,0.9662,jueves
8792009665,1,363,377,4.12.16-5.12.16,data/raw/mturkfitbit_export_4.12.16-5.12.16/Fitabase Data 4.12.16-5.12.16/sleepDay_merged.csv,2016-04-15,6.05,6.28,0.9629,viernes
8792009665,1,528,547,4.12.16-5.12.16,data/raw/mturkfitbit_export_4.12.16-5.12.16/Fitabase Data 4.12.16-5.12.16/sleepDay_merged.csv,2016-04-20,8.8,9.12,0.9653,miércoles
8792009665,1,391,407,4.12.16-5.12.16,data/raw/mturkfitbit_export_4.12.16-5.12.16/Fitabase Data 4.12.16-5.12.16/sleepDay_merged.csv,2016-04-22,6.52,6.78,0.9607,viernes
8792009665,1,339,360,4.12.16-5.12.16,data/raw/mturkfitbit_export_4.12.16-5.12.16/Fitabase Data 4.12.16-5.12.16/sleepDay_merged.csv,2016-04-23,5.65,6.0,0.9417,sábado
8792009665,1,423,428,4.12.16-5.12.16,data/raw/mturkfitbit_export_4.12.16-5.12.16/Fitabase Data 4.12.16-5.12.16/sleepDay_merged.csv,2016-04-27,7.05,7.13,0.9883,miércoles
8792009665,1,402,416,4.12.16-5.12.16,data/raw/mturkfitbit_export_4.12.16-5.12.16/Fitabase Data 4.12.16-5.12.16/sleepDay_merged.csv,2016-04-28,6.7,6.93,0.9663,jueves
8792009665,1,398,406,4.12.16-5.12.16,data/raw/mturkfitbit_export_4.12.16-5.12.16/Fitabase Data 4.12.16-5.12.16/sleepDay_merged.csv,2016-04-29,6.63,6.77,0.9803,viernes
8792009665,1,343,360,4.12.16-5.12.16,data/raw/mturkfitbit_export_4.12.16-5.12.16/Fitabase Data 4.12.16-5.12.16/sleepDay_merged.csv,2016-04-30,5.72,6.0,0.9528,sábado
8792009665,1,503,527,4.12.16-5.12.16,data/raw/mturkfitbit_export_4.12.16-5.12.16/Fitabase Data 4.12.16-5.12.16/sleepDay_merged.csv,2016-05-01,8.38,8.78,0.9545,domingo
8792009665,1,415,423,4.12.16-5.12.16,data/raw/mturkfitbit_export_4.12.16-5.12.16/Fitabase Data 4.12.16-5.12.16/sleepDay_merged.csv,2016-05-02,6.92,7.05,0.9811,lunes
8792009665,1,516,545,4.12.16-5.12.16,data/raw/mturkfitbit_export_4.12.16-5.12.16/Fitabase Data 4.12.16-5.12.16/sleepDay_merged.csv,2016-05-03,8.6,9.08,0.9468,martes
8792009665,1,439,463,4.12.16-5.12.16,data/raw/mturkfitbit_export_4.12.16-5.12.16/Fitabase Data 4.12.16-5.12.16/sleepDay_merged.csv,2016-05-04,7.32,7.72,0.9482,miércoles
